HHF,G,Y,FADA,AA,HGD,AT,E,K,T,U,I,B,W,Q,SDE
0,0,0,0,0,1,0,0,0,0,0,0,0,0,0,0
0,0,0,0,0,1.032,1.43,0,0,0,0,0,0,0,0,0
0,0,0.91,0,0,1.32,0,0,0,0,0,0,0,0,0,0
0.1,0,0,0,0,4.548,0,0,0,0,0,0,0,1.96,0,1
0,0,0,0,0,1.745,0.27,0,0,0,0,0,0,0,0,0
0.302,0,0,0,0,1.7,0,0,0,0,0,0,0,0,0,1
0,0,0,0.314,0,2.473,0,0,0,0,0,0,0,0,0,0
0,0,2.56,0,2.05,1.983,0.51,1.53,0,0,0,0,0,0,0,0
0,0,0.89,0.149,0,1.115,0,0,0,0,0.89,0,0,0,0,0
0,0,0,0.055,0,3.766,0.76,0,0,0,0.1,0,0.05,0,0,0
0.027,0,0.74,0,0,4.634,0,0.24,0,0,0.49,0,0,0,0,0
0,0,0,0,0,1.842,0,0,0,0,0,0.75,0,0,0,0
0,0,0,0,0,1.8,0,0,0,0,0,0,14.28,0,0,0
0,0.45,0,0.21,0,2.368,0,0.45,0,0,0.45,0,0.45,0,0,1
0.03,0,0,0.36,0,1.42,0,0.24,0,0,0.65,0.16,0,0,0,1
0,0,3.06,0,0,1.718,0,0,0,0,0,0,0,0,0,0
0,0,0,0.565,0,2.9,0,0,0,0,2.75,0.91,0,0,0,1
0,0,0,1.806,0,1.293,0,0,0,0,2.1,0,0,0,0,1
0.254,0,0,1.272,0,6.055,0,0,0,0,1.47,0,0,0,0,1
0,0,0,0,9.09,1,0,0,0,0,0,0,0,0,0,0
0,0,0,0,8.33,1.5,0,0,0,0,0,0,0,0,0,0
0,0,0,0.667,0,1.131,0,1.16,0,0,1.75,0,0,0,0,1
0.196,0,0,0.392,0,5.466,0,0,0,0,0,0,0,0,0,1
0,0,1.4,0,0,4.533,0,0,0,0,0,0,0,0,0,0
0,0.9,0,0.537,0,2.782,0,0,0,0,2.72,0,0,0,0.9,1
0,0,0,0,0,1.142,0.31,0,0,0,0,0,0,0,0,0
0.223,0,0,0.382,0,7.538,0,0.4,0,0.2,0.61,0,0,0.61,0.61,1
0,0,0,0,0,1.75,0,0,0,0,0,0,0,0,0,0
0.191,0,0,0.438,0,14.619,0,0,0,1.15,1.15,1.15,0.38,1.35,0.19,1
0.318,0,0,0.715,0,2.345,0,1.63,0,0,5.97,0,0,0.54,0.54,1
0.097,0.08,0,0.39,0,5.594,0,1.38,0,0,0.73,0.24,0.16,0.08,0.08,1
0.23,0.33,0,0.057,0,5.279,0,0.33,0,0,1,1.33,0,2,0,1
0,0,1.76,0,1.76,2.246,0,0.58,0,0,0,0,0,0,0,0
0,0,0,0,0,1,0,9.09,0,0,0,0,0,0,0,0
0,0,0,0,0,1.5,0,0,0,0,2.59,0,0,0,0,0
0,0,0,0,20,1,0,0,0,0,0,0,0,0,0,0
0.353,0,0,0.088,0,2.571,0,2.23,0.55,0,2.23,0,0.55,0,0,1
0.057,0.17,0,1.158,0,5.163,0,0.53,0.35,1.61,4.12,0.17,0.17,0,1.79,1
0,0,0,0.074,0,7.288,0,0.44,0,0,0,0,0.44,0,0,0
1.284,0,0,5.803,0,5.944,0,0.49,0,0.09,1.08,0.09,0.49,0,0.09,1
0,2.29,0,0,0,3.85,0,1.52,0,0,2.29,0,0,0,0.76,1
0,0,0,0,2.73,2.035,0,0,0,0,2.73,0,5.47,0,0,0
0,0,2.15,0,0,1.718,0,0,0,0,0,0,0,0,0,0
0.013,0,4.5,0,0,2.361,0,0,0,0,0,0,0,0.1,0.2,0
0.114,0,0,0.802,0,2.527,0,0.67,0,0,0,0,0,0,0,1
0,0.51,0,0.067,0,2.676,0,0,0,0,1.03,0,0.51,0,0,1
0.054,0.33,0,1.118,0,4.928,0,0.33,0.33,1.68,3.87,0.16,0,0,1.68,1
0,0,1.07,0.185,1.07,2.24,0,1.07,0,0,0,0,0,0,0,0
0,0,0,0,0,3.23,1.47,0,0,0,0,0,0,0,0,1
0,2.01,0,0.305,0,2.162,0,0.67,0,0.67,2.01,0,0,0,0,1
0,0.55,0,0.301,0,19.482,0,0.27,0,0.27,0.83,0.27,0,0,1.11,1
0,0,1.74,0.059,0,2.554,0,0.87,0,0,0,0,0,0,0,0
0,0,0,0,0,1,0,0,0,0,0,0,0,0,0,0
0,0,0,0.693,0,1.335,0,0.36,0.12,0,0.96,0,0,0,0,1
0,0,0,0,20,1,0,0,0,0,0,0,0,0,0,0
0.09,0,0,0.002,0,2.577,0.8,0.05,0.05,0,0.01,0.03,0.01,0,0.01,0
0,0,0,0,0,1,5.88,0,0,0,0,0,0,0,0,0
0,0,0,0,0,1.4,0,0,0,0,0,0,0,0,0,0
0,0,0,0,0,1.8,0,0,0,0,0,0,14.28,0,0,0
0,0,2.35,0.125,1.17,1.955,0,0,0,0,0,0,0,0,0,0
0.233,0,0,0.233,0,3.414,0,1.07,0,0,2.5,0,0.35,1.42,0.71,1
0,0,0,0,0,1,0,0,0,0,0,0,0,0,0,0
0,0,0,0.125,0,1.287,0,0.36,0,0,1.45,0.36,0,0,0,1
0.161,0,0,0.644,0,2.522,0,0.42,0,0,0,0,0.42,0.42,0,1
1.305,0.94,0,0.163,0,2.571,0,0,0,0,0.94,0,0,0,0,1
0,0,1.83,0,0,1.455,0,0.52,0,0,0,0,0.26,0,0,0
0,0,2.56,0,2.56,2.142,0,0,0,0,0,0,0,0,0,0
0,0,1.58,0,0,1.92,0,0,0,0,0,0,0,0,0,0
0,0,0,0.671,0,129.5,0,1.55,0,0,0.77,0,0,0,0,1
0,0,0,0,0,1,0,0,0,0,0,0,0,0,0,0
0,0,0,0.112,0,2.933,0,0,0,0,0,0,0,0,0,0
0.265,0,0.29,0.113,0.29,2.285,0,0.29,0.29,0.29,2.64,3.23,0.58,0,0,0
0,0,0,0,0,2.362,2.69,0,0,0,0,0,0,0,0,0
0,0.7,0,0.38,0,1.153,0,4.25,0,0,1.41,0,0,0,0,1
0.147,1.47,0,0.294,0,72,0,0,1.47,1.47,2.94,1.47,0,0,2.94,1
0.142,0,0,0,0,1.857,0,0,0,0,1.02,0,0,0,0,0
0,0,3.63,0,0,2.227,0,0,0,0,0,0,0,0,0,0
0,0,0,0,0,2.848,0.78,0,0,0,0.78,0,0,0,0,0
0,0,0.34,0,0.17,2.926,0,0.17,0,0,1.03,0.34,0,0,0,0
0.181,0,0,0.604,0,3.787,0,0.36,0,0,1.46,0,0,0.36,0.73,1
0,0,0,0,0,1,0,0,0,0,0,0,0,0,0,0
0,0,0,0,0,1.264,0,1.13,0,0,0,0,0,0,0,0
0,0,1.36,0,0,2.461,0,0,0,0,0.68,0,0,0,0,0
0,0,1.86,0,0,1.983,0,0.56,0,0,0.65,0,0,0,0.37,0
0,0,8.08,0,0.73,2.666,0,0,0,0,0,0,0,0,0,0
0,0,0,0.523,0,2.571,0,0,0,0,0,0,0,0,0,0
0,2.73,0,1.244,0,2.472,0,0.68,0,0,2.73,0,0.68,0,0,1
0.203,0.3,0,0.181,0,9.744,0,0.61,0.76,3.53,2,0.92,0,0,0,1
0.149,0,0,0.298,0.43,2.955,0,0.43,0,0,1.74,0,0,1.31,3.49,1
0,0,0,0.193,0,1.181,0,0.25,0,0,0.25,0,0,0,0,0
0.597,0,0,0.298,0,3.333,0,0,0,0,3.17,0,0,3.17,0,1
0.505,0.37,0,1.199,0,3.337,0,0.37,0,2.61,1.49,0.37,0.37,0,1.49,1
0,0,0,0,0,1.837,1.13,0,0,0,0,0,0,0,0,0
0.088,0,0,0,0,6.718,0,1.01,0,0,0,0,0,0,0,1
0.005,0,0.56,0,0.01,3.364,0,0.09,0,0.01,0.05,0.16,0.05,0,0.01,0
0,0,0,0,0,1,0,0,0,0,0,0,0,0,0,0
0.067,0.15,0,0.698,0,5.101,0,0.45,0,0.45,2.75,0.61,0,0,0.61,1
0,0,0,0,0,1.085,0,1.36,0,0,0,0,0,0,0,0
0.273,0.62,0,0.456,0,2.52,0,1.25,0,0,2.51,0,0,0.62,0.62,1
0.054,0,0,0.337,0,3.502,0,1.13,0.08,0,2.01,0.16,0,0,1.13,1
0,0,8.69,0,4.34,3.1,0,0,0,0,0,0,0,0,0,0
0.161,0.05,0,0.02,0,2.093,0,1.43,0.05,0.23,1.03,0.05,0,0.74,0.69,1
0,0,2.97,0,0,1.736,0,0,0,0,0,0,0,0,0,0
0.103,0.6,0,0.619,0,6.166,0,0.6,0,0,1.21,0,0,0,0,1
0.16,0,0,0.16,0,2.128,0,0.19,0.39,0,0.78,0,0.39,0.19,0.19,1
0,0,0,0.243,0,1,0,0,0,0,0,0,0,0,0,0
0,0,0,0,0,2.09,0,0,0,0,0,0,0,0,0,0
0.141,2.94,0,0.425,0,140,0,0,1.47,1.47,4.41,1.47,0,0,2.94,1
0,0,0,0.969,0,2.179,0,0,1.02,0,1.02,0,0,1.02,0,1
0,0,0,0,0,1.49,0,2.16,0,0,0.54,0,0,0,1.08,1
3.125,0,0,0,0,2.411,0,0,0,0,0,0,0,0,0,1
0.135,0.73,0,0.432,0,8.445,0.09,0.73,0.27,0.18,0.64,0.83,0.18,0.55,0,1
0.342,0.14,0,0.045,0,14.88,0,0,0.84,2.53,1.12,0.42,0.14,0.84,0.28,1
0,0,0,0,0,1,0,0,0,0,0,0,0,0,0,0
0.228,0.49,0,0.241,0,6.544,0,0.41,0.24,0.16,1.07,0.65,0.24,0.9,0.08,1
0.504,0,0,0.458,0,2.934,0,0,0,0,0.27,0,0.27,0.27,0,1
0,0,1.61,0,0,1.913,0,1.61,0,0,0,0,0,0,0,0
0,0,0,0,0,3.5,0,0,0,0,1.92,0,0,0,0,0
0,0,0,0,0,1.5,0,0,0,0,0,0,0,0,0,0
0,0,0,0,0,2.416,0.52,0,0,0,0,0,0,0,0,0
0.031,0,0,0.237,0,3.758,0,0.36,0,0,3.36,0.09,0,0.36,0,1
0.147,0,0.57,0.049,0,1.1,0,0,0,0,0.28,0,0,0,0,0
0.216,0.17,0,0.278,0,8.523,0,0.89,0.17,0.17,1.42,0,0,1.06,0.17,1
0,0,0,0,0,1.406,0,0,0,0,0,0,0,0,0,0
0,0,0,0,0,10.533,0,0.94,0,0,2.83,0,0,0,0,1
0,0,6.64,0,0.83,4.257,0,0.27,0,0,0,0,0,0,0,0
0,0,0,0.441,0,2,0,0.75,0,0,0.75,0,0,0,0,0
0,0,0,0,0,1,0,0,0,0,0,0,0,0,0,0
0,0,0,2.152,0,5.21,0,0,0,0,0,0,0,0,0,1
0,0,0,0.271,0,3,0,0,0,0,0,0,0,0,0,0
0,0,3.63,0,1.21,4.536,0,0,0,0,1.21,0.6,0,0,0,0
0,2.18,0,0.471,0,15.08,0,1.09,0,0,1.09,0,0.54,0,0,1
0,0.65,0,0.091,0,2.687,0,0.65,0.65,5.22,1.3,0,0,0,1.3,1
0,0,0,1.123,0,1.3,0,0,0,0,0,0,0,0,0,0
0,0,4.08,0,2.04,2.5,0,2.04,0,0,0,0,0,0,0,0
0,0,0,0,0,5.888,0,0,2,0,8,0,0,0,0,0
0.218,0.28,0,0.218,0,3.694,0,0.57,0,0,2.01,0,0.28,1.44,0.57,1
0,0,0.93,0,0,2.448,0,0,0,0,0,0,0,0,0,0
0.338,0,0,0,0,1.666,0,0,0,0,0,0,0,0,0,1
0.734,0.04,0,0.311,0,5.328,0,0.04,0.23,0,1.36,0.4,0.28,0.97,0.4,1
3.26,0,0,0,0,2.444,0,0,0,0,0,0,0,0,0,1
0.082,0.08,0,0.55,0,15.547,0,0.08,0.08,0,0.57,0,0,0.16,0,1
0,0,0,0,0,1.464,0,0,0,0,0,0,0,0,0,0
0.093,0,1.39,0,0,2.744,0,0,0,0,0.69,0,0,0,0,0
0.212,0,0,0.424,0,4.125,0,0,0,0,0,0,0,0,0,1
0.121,0,0,0.121,0,2.61,0,0.81,0.2,0,0,0,0,0.6,0,1
0,0,0,0.056,0,5.8,0.45,0,0,0,0.9,0,0,0,0,0
0,0,0,0,0,3.304,1.09,0,0,0,0,0,0,0,0,0
0.011,0,1.18,0.029,0,2.813,0,0.1,0,0,0.2,0.17,0,0.03,0,1
0,0,0,2.413,0,3.384,0,0,0,0,1.35,0,0,0,0,1
0,0,1.17,0,2.35,4.476,0,0,0,0,2.35,0,0,0,0,0
0.519,0.13,0,0.445,0,6.029,0,0.13,0.3,0,1.42,0.54,0.4,0.37,0.44,1
0.261,0.08,0,0.358,0,3.554,0.08,0.26,0.26,0.17,1.3,0.52,0.26,0.08,0.34,1
0,0,0,0.11,0,1.083,0,2.83,0,0,2.12,0,0,0,0,1
0,0,0.79,0.149,0,1.482,0,0,0,0,0,0,0,0,0,0
0,0,0,0,0,2.13,0.36,0.73,0,0,0,0,0,0,0,1
0,0,0,0,0,2.652,1.16,0,0,0,0,0,0,0,1.16,1
0,0,0,0.179,0,3.702,0,2.48,0,0,3.72,0,0,0,0,1
0.429,1.03,0,0.6,0,1.447,0,1.03,0,0,1.55,0,1.03,0,0,1
0,0,3.19,0.168,0,1.75,0,0,0,0,0,0,0,0,0,0
0,0,0,0.443,0,4.652,0,0.94,0,0,2.83,0,0,0,0,1
0,0,0,0,0,1.6,0,0,1.47,0,0.73,0,0,0,0,1
0.157,0.32,0,0,0,1.494,0,0.64,0,0,3.24,0,0,0,0.32,1
0,0,0.53,0,0.53,2.241,0,0.71,0,0,0.17,0,0,0,0,0
0,0,0,0.786,0,3.728,0,0.34,0,0,1.04,0,0.69,0,0,1
0,0,0,0,0.7,17.952,0,0,0,0,1.4,0,0,0,0.7,0
0,2.1,0,0,0,2.695,0,0,0,0,0,0,0,0,0,1
0,0,0,0,0,2,0,0,0,0,0,0,0,0,0.96,1
0.063,0,3.23,0,0,2.121,0,0.26,0,0.59,0.06,0,0,0.39,0.52,0
0.168,0,0,1.687,0,57.23,0,0.47,0,0,5.18,0,0.94,0,0,1
0,0,0,0,0,1.75,0,0,0,0,0,0,0,0,0,0
0,0.23,1.64,0,0.7,2.42,0,0,0,0,0.23,0,0,0,0,0
0,0,0,0,0,1.416,0,0,0,0,1.92,0,0,0,0,1
0,0,0,0,0,1.333,1.02,0,0,0,2.04,0,0,0,0,0
0,0.36,0,0,0,6.685,0,1.44,0.72,0,2.17,0,0.36,0,0,1
0,0,0,0,0,2.284,16.7,0,0,0,0,0,0,0,0,0
0.479,0,0,0.319,0,6.11,0,0.15,0.31,0,1.36,0.58,0.46,0.46,0.42,1
0,0,4.89,0,0.27,4.608,0,0.27,0,0,0,0,0,0,0.54,0
0,0,0,0,20,1,0,0,0,0,0,0,0,0,0,0
0.208,0,0,0,0,4.23,0,0,0,0,5.19,0,0,0,0,1
0,0,2.77,0,1.38,2.333,0,0,0,0,1.38,0,0,0,0,0
0.023,0,3.3,0,0,1.878,0,0,0.16,0,0,0.08,0,0.24,0.41,0
0,0,0,0,1.04,1.071,0,0,0,0,0,0,0,0,0,0
0,0,0,0.125,0,1.25,0.65,0,0,0,0.65,0,0,0,0,0
0,4,0,0,0,8.166,0,0,0,0,0,0,0,0,0,1
0,0,0.27,0.045,0,1.465,0,0,0,0,0.54,0.27,0,0,1.64,0
0.078,0,3.45,0,0,2.351,0,0.11,0,0,0,0,0,0.11,0.11,0
0,0,0,0,0,1.733,0,0,0,0,0,0,0,0,0,0
0,0,0,0,0.5,3.983,0,0,0,0,0,0,0,0,0,0
0,0,3.47,0,0,1.8,0,0,0,0,0,0,0,0,0,0
0.123,0.81,0,0,0,4.793,0,0.81,0,0,0.81,0,0.4,0,0,1
0,0,1.4,0.229,1.4,2.653,0,0,0,0,1.4,0,0,0,0,0
0.33,1.12,0,1.32,0,5.135,0,2.25,0,0,1.69,0,0.56,0,2.82,1
0,0,0,0.167,0,1.5,0,0,0,0,0.86,0,0,0,0,0
0,0,0,0,0,2.692,0,0,0,0,1.49,0,0,0,0,1
0,0,0.75,0,0,4.446,0,0,0,0,4.02,0,0,0,0,0
0.033,0,0.62,0,0.12,3.211,0,0.12,0,0,0.24,1.11,0,0,0,0
0,0,0,0,3.33,1.3,0,0,0,0,0,0,0,0,0,0
0,0,1.29,0,1.29,1.857,0,0,0,0,0,0,0,0,0,0
0,0,0,0,0.68,1.488,0,0,0,0,0,0,0,0,0,0
0,0,0,0,20,1,0,0,0,0,0,0,0,0,0,0
0,0,0,0,0,1,0,0,0,0,0,0,0,0,0,0
0,0,0,0,1.27,2.215,0,1.27,0,0,0.63,0,0.63,0,0,0
0,0,0,0,20,1,0,0,0,0,0,0,0,0,0,0
0,0,0,0,0,1,0,0,0,0,0,0,0,0,0,0
0.665,0,0,0.221,0,3.812,0,0,0,0,0,0,0,0,0,1
0,0,0,0,0,3.137,0.83,0,0,0,0.83,0,0,0,0,0
0,0,0.14,0.021,0,1.715,0.14,0.14,0,0,0,0,0,0,0,0
0,0,0,0,1.81,1.181,0,0,0,0,0,0,0,0,0,0
0.216,0.77,0,0.185,0,1.948,0,1.55,0,0,0.38,0.19,0.19,0.19,0.58,1
0.012,0,0,0.012,0,2.057,0.59,0,0,0,0.25,0,0,0,0,0
0.752,0.16,0.33,0.884,0,5.328,0,0.33,0.16,0,0,0.5,0,0,0,1
0,0,0,0.048,0,5.802,0,0,0,0,0,0,0.27,0,0,0
0,0,0,0,1.08,1.263,0,0,0,0,1.08,0,0,0,0,0
0,0,0,0.147,0,2.587,0,0,0,0,1.23,0,0,0,0,0
0,0,0,0,0,2.333,0,0,0,0,0,0,0,0,0,0
0,0,0,0,0,1,0,0,0,0,3.33,0,0,0,0,0
0,0,0,0.709,0,2.09,0,0,0,0,0,0,4.16,0,0,0
0.056,0,2.01,0.031,0,1.83,0,0.04,0.2,0,0.41,0.16,0.04,0.12,0.04,0
0,0,0.87,0,0,2.941,0,0,0,0,0,0,0,0,0,0
0,0,0,0,0,1.314,0,0,0,0,1.31,0,0,0,0,0
0.16,0.1,0,0.336,0,6.758,0,0.4,0.4,4.26,1.72,0.2,0,0.4,0.2,1
0.059,0,0.38,1.008,0,589,0,1.14,0,0.76,0,0.38,0,0,0,1
0,0,0,0,0,2.307,0,0,0,0,1.88,0,0,0,0,1
0.156,0.1,0,0.297,0,6.8,0,0.4,0.4,4.26,1.72,0.2,0,0.4,0.2,1
0,0,1.31,0,0,1.638,0,0.49,0,0,0.16,0,0,0,0.32,0
0.167,0.06,0,0.01,0,1.736,0,1.57,0.06,0.24,1.09,0.06,0,0.85,0.72,1
0,0,0,0,0,1.166,1.92,0,0,0,0,0,0,0,0,0
0,0,0,0,0,1.936,0,0,0,0,0,0,0,0,0,0
0,0,1.11,0.32,1.86,1.923,0.37,0,0,0,0.37,0,0,0,0.37,0
0,0,1.79,0,0,1.988,0,0,0,0,0,0,0,0,0,0
0,0,0,0.106,0,2.714,0,0,0,0,0.64,0,0,0,0,0
0,0,2.18,0,0,3.533,0,0.54,0.54,0,0,0,0,0,0,0
0,0,0.64,0,0,1.677,0,0.32,0,0,0,0,0,0,0,0
0,0,0,0,0,2.465,1.8,0,0,0,0,0,0,0,0.6,1
0,0,0,0,0,1,0,0,0,0,0,0,0,0,0,0
0,0,0,0,0,1,0,0,0,0,0,0,0,0,0,0
0,0,5.55,0,2.77,3.25,0,0,0,0,0,0,0,0,0,0
0.161,0.05,0,0.01,0,2.051,0,1.44,0.05,0.23,1.09,0.05,0,0.74,0.69,1
0,0.45,0,0.135,0,5.571,0,1.36,0,0,0.9,0,0,0,0.45,1
0,0,0,0.09,0,1.466,1.04,0,0,0,0.52,0,0,0,0,0
3.305,0,0,0.141,0,11.288,0,1.26,0.21,0,2,0.42,0.1,0.31,0.52,1
0.278,0,0,0.123,0,3.774,0,1.01,0.16,0,1.35,0,0.16,0,0,1
0,0,0,0.016,0,24.375,0,0.09,0,0,0,0,0,0,0,1
0,0,0,0,0,1.076,0,0.79,0,0,0,0,0,0,0,0
0,0,1.71,0,0,1.947,0,0.57,0,0,0,0,0,0,0,0
0,0,0,0,4.54,3.7,0,0,0,0,0,0,0,0,0,0
0.071,0.07,0,0.131,0,3.446,0,0.52,0.22,0.22,1.87,0.67,0.22,0,0.07,1
0,0,0,0.058,0.64,1.068,0,0.32,0,0,2.56,0,0,0,0,0
0,0,0,0.353,0,1.555,2,0,0,0,2,0,0,0,0,0
0,0,0.81,0.406,2.43,1.958,0,0,0,0,0.81,0,0,0,0,0
0.041,0.06,0,0.133,0,3.29,0,0.44,0.25,0.19,2.48,0.57,0.19,0,0.06,1
0,0,9.52,0,4.76,3.333,0,0,0,0,0,0,0,0,0,0
0,0,0,0,0,1.8,0,0,0,0,0,0,14.28,0,0,0
0,0,0,0,0,1.25,0,0,0,0,0,0,0,0,0,0
0,0,0,1.081,0,2.3,0,0,0,0,0,0,0,0,0,1
0,0,0,1.284,0,1.357,0,0,1.23,0,0,0,0,0,0,1
0,0.28,0,0.13,0,7,0,1.28,0,0,0.85,0,0,0,0,1
0.031,0,0,0.252,0,3.816,0,0.36,0,0,3.27,0.09,0,0.36,0,1
0,0,2.32,0.139,0,1.515,0,0,0,0,1.16,0,0,0,0,0
0,1.96,0,0,0,6.166,0,0,0,0,1.96,0,0,0,0,1
0,0,1.09,0,0,1.969,0,0.54,0.54,0,1.09,0,0,0,0,0
0.342,0,0,0.171,0,3.809,0,0,0,0,0,0,0,0,0,1
0,0,0,0,0,1,0,0,0,0,1.06,0,0,0,0,0
0,1.03,0,0,0,4,0,1.03,0,0,1.03,0,0,0,0,1
0.029,0.18,0,0,0,2.166,0,0.74,0.18,0,0.74,0,0.18,0,0,1
0.332,0.73,0,0.498,0,3.254,0,0,0,2.19,2.19,0.36,0.36,1.83,0.36,1
0,0,0,0,0,2.388,0,0,0,0,1.78,0,1.78,0,0,0
0,0,2.56,0,1.28,2.21,0,1.28,0,0,0,1.28,0,0,0,0
0,0,0,0,20,1,0,0,0,0,0,0,0,0,0,0
0,0,0,0,0,1.543,0,1.81,0,0,0.36,0,0,0,0.72,1
0,0,4,0.176,0,1.758,0,0,0,0,0,0,0,0,0,0
0,0,0,0,0,1,0,0,0,0,0,0,0,0,0,0
0,0,0,0.68,0,1,0,0,0,0,0,0,0,0,0,0
0,0,1.22,0,3.06,2.283,0,0,0,0,1.22,0,3.68,0,0,0
0,0,0,0,3.7,2.142,0,0,0,0,1.23,0,2.46,0,0,0
0.188,0,0,0.358,0,2.847,0,0.21,0,0,1.06,0.42,0,0,0,1
0,0,0.44,0,0,2.297,0.89,0,0,0,0.29,0,0.44,0,0.14,0
0,0.41,0,0.067,0,1.863,0,0,0.41,0,1.23,0,0,0,0,1
0,0,0,3.048,4.34,1,0,0,0,0,8.69,0,0,0,0,0
0,1.23,2.46,0.403,0,2.045,0,0,0,0,0,0,0,0,1.23,0
0,0,0,0.606,0,2.36,0,0.56,0,0,1.12,0,0,0,0,1
0,0,0,0,0,1,0,0,0,0,0,0,0,0,0,0
0,0,0,0,0,1.2,1.2,0,0,0,2.4,0,0,0,0,0
0.118,0,0.05,0.054,0,2.37,0,0.1,0,0.3,0.75,0.1,0.3,0.15,0,1
0,0,0,0.119,0,1.272,0,0.82,0,0,0,0,0,0,0.82,0
0,0,0,0,0,1.578,0,1.38,0,0,0,0,0,0,0,0
0,0,0,0.093,0,2.755,0,0.64,0.64,5.19,1.29,0,0,0,1.29,1
0,0,0,0,1.06,1.142,0,0.53,0,0,1.06,0,0,0,0,0
0,0,0,3.333,0,2.551,0,0,0,0,0,0,0,0,0,1
0,0,0.9,0.02,0.25,1.491,0,0.12,0,0,0.38,0,0,0,0.25,0
0.431,0,0,0.215,0,4,0,0,0,0,0,0,0,2.53,0,1
0,0,0.35,0.244,0.71,1.974,0,1.79,0,0,1.07,0,1.07,0,0,0
0.124,0,0.43,0,0,1.974,0,0,0,0,0.86,0,0,0,0,0
0,0.37,0,0,0,2.492,0,1.85,0,0,3.34,0,0,0,0,1
0.027,0,0,0.622,0,1.25,0,1.3,0,0,1.14,0,0,0,1.63,1
0,0,1.75,0.107,1.75,2.454,1.75,0,0,0,0,0,0,0,0,0
0,0,6.92,0.079,0,4.411,0,0,0,0,0,0,0,0,0,0
0,0,0.28,0,0,1.651,0.28,0,0,0,0,0,0,0,0,0
0,0,0.39,0,0,2,0,0,0,0,0,0,0,0,0,0
0,0,0,0.213,0,1.75,0,0,0,0,0,0,0,0,0,0
0.37,0,0,1.975,0,35.461,0,0,0,0,2.11,0,0,0.7,0,1
0.052,0,0.55,0,0,6.894,0,0,0,0,1.65,0.55,0,0,0,0
0,0,0,0.552,0,1.461,0,1.69,0,0,1.69,0,0,0,0,0
0,0,0,0,0,1,0,0,0,0,0,0,0,0,0,0
0,0,8.69,0,0,2.125,0,0,0,0,4.34,0,0,0,0,0
0,0.38,0,0.122,0,2.08,0,0.38,0.38,0,1.94,0,0,0,0,1
0,0,0,0.591,0,3.28,0,0.38,0.38,0,1.42,0,0.09,0,0,1
0.222,0,0,1.777,0,9.727,0,0,0,0,0,1.36,0,0,0,1
0.601,0,4.76,0,1.58,3.36,0,0,0,0,0,0,0,0,0,0
1.281,0,0,0.335,0,7.202,0,0.15,0.3,0,1.34,0.57,0.46,0.5,0.42,1
0,0,0.36,0.055,0,3.176,0,0.73,0,0,0.36,0,0,0,0,0
0.08,0.14,0,0.269,0,15.086,0,0.28,0,2.31,2.02,0,0,0.14,0,1
0.128,0,0,0.064,0,2.215,0,3.98,0,0.44,1.32,0,0,0,0,1
0.061,0,1.49,0.047,0,1.686,0,0.09,0.04,0,0.65,0.04,0.04,0,0.04,0
0.053,0,1.16,0,0,1.864,0,0,0.11,0,0,0,0,0.05,0.75,1
0,0,0.33,0,0,1.87,0,0.33,0,0,0,0,0.33,0,0,0
0.111,0,0,0.111,0,1.672,0,0,0.31,0.31,1.56,0,0.62,0,0,1
0,0.64,0,0.233,0,1.136,0,0.64,1.29,0,2.59,2.59,0.64,0,0.64,1
0,0,0,0,0,4.722,0,0,0,0,0,0,0,0,0,1
0,0,0,0,0,5.3,0,0,0,0,2.43,0,0,0,0,0
0,0,1.36,0,0,2.182,0,0,0,0,0,0,0,0,0.22,0
0,0,0,0.766,0,1,0,0,0,0,0,0,0,0,0,0
0,0,0,0,0,1,0,0,0,0,0,0,0,0,0,0
0,0,0.93,0.065,0,2,0,0,0,0,0.46,0,0,0,0,0
0.025,0,0,0.615,0,1.377,0,1.23,0,0,1.08,0,0,0,1.54,1
0.034,0.41,0,0.238,0,3.632,0,1.03,0,0,1.03,0,0.2,0,0,1
0.211,0,0,0,0,1.752,0,0.3,0,0,3.03,0,0,0,0.3,1
0,0,0,0.193,0,1.861,0,1.21,1.21,0,0,0,0,0,0,1
0,0,0,0,0,1.475,0,0,0,0,2.5,0.83,0,0,0,0
0,0,0,0,0,1.222,0,0.99,0,0,0.99,0,0,0,0,0
0,0,13.93,0,0,6.113,0,0,0,0,0.4,0,0,0,0,0
0,2.28,0,0.487,0,16.217,0,1.14,0,0,1.14,0,0.57,0,0,1
0.223,0,0.73,0.111,0,1.76,0,0,0,0,0.73,0,0,0,0,0
0,0,3.52,0.414,0,1,0,0,0,0,3.52,0,3.52,0,0,0
0.236,0,0,0.429,0,3.664,0,0.19,0.25,0.69,1.26,0.76,0.19,0.44,0.44,1
0,0,0,0,0,2.166,0,0,0,0,0,0,0,0,0,0
0.531,0.03,0,0.612,0,7.3,0,0.14,0.29,0,1.53,0.56,0.44,0.59,0.44,1
0,0,0,0.034,0,3.168,0,0.21,0,0,0,0,0,0,0,1
0,0,0,0,0,1.571,0,0,0,0,0,0,0,0,0,0
0,0,0,0.168,0,1.459,0,1,0,0,0,0,0,0,0,0
0,0,0,0,0,1.8,0,0,0,0,0,0,14.28,0,0,0
0,0,1.33,0,0,4.36,0,0,0,0,0,0,0,0,0,0
0,0,0.81,0,0,4.971,0,0,0,0,0.81,0.27,0,0,0,0
0,1.78,0,0.586,0,1.307,0,0,0,0,0,0,0,0,0,0
0,0,0,0.147,0,2.587,0,0,0,0,1.23,0,0,0,0,0
0,0,0,0,20,1,0,0,0,0,0,0,0,0,0,0
0,0,0,0,3.33,1,0,0,0,0,0,0,0,0,0,0
0.253,0,0,0.759,0,2,0,0,0,0,3.27,1.63,0,0,0,1
0.475,0,0,0.095,0,5.038,0,0.52,0,0,2.64,0,0,1.58,0.52,1
0,0,0,0,0,1.156,0,0,0,0,2.32,0,0,0,0,0
0,0,0,0,0,2.15,0,0,0,0,1.88,0,0,1.25,0,0
0,0.49,3.48,0,0.49,5.61,0,0,0,0,0,0,0,0,0,0
0,0,0,0,0,1,0,0,0,0,0,0,0,0,0,0
0,0,1.96,0,0,2.318,0,0,0,0,0,0,0,0,0,0
0.549,0,0,0.48,0,3.166,0,0,0,0,1.24,0,0.41,0,0,1
0,0,0,0,0,5.5,7.14,0,0,0,0,0,0,0,0,0
0.042,0,0,1.289,0,3.979,0,0.28,0.28,1.98,2.83,0.28,0,0.28,1.41,1
0,0,0,0.109,0,2.263,0,0,0,0,0,0,0,0,0,1
0,0,0,0.394,0,3.537,0,0,0,0,0.56,0,0,0,0,1
0,0,6.79,0,0.97,2.666,0,0,0,0,0,0,0,0,0,0
0.232,0,0,0.232,0,2.232,0,0,0.68,0,1.36,0,0,0.68,0,1
0.549,0,0,0.481,0,3.166,0,0,0,0,1.24,0,0.41,0,0,1
0,0,1.9,0,0,1.677,0,0.47,0,0,0,0,0,0,1.9,0
0.038,0,1.89,0.051,0,1.838,0,0.17,0.08,0,0.6,0.08,0,0.25,0,0
0,0,0,0,0,2.508,0,0,0,0,0,0,0,0,0,0
0.023,0,2.68,0,0,2.658,0,0.8,0,0,0,0,0.17,0,0,0
0,0,0.72,0.124,0,2.361,0,0,0,0,0,0,0,0,0,0
0.118,0,0,0.355,0,2.315,0,0.66,0,0,0.66,0,0,0,0,1
0,0,0,0.164,0,1.279,0,0,0.27,0,0.13,0,0,0,0,0
0.301,0,0,2.865,0,5.037,0,0,0,0,1.69,0,0,0,0,1
0.116,0.69,0,0.701,0,8.781,0,0.69,0,0,2.08,0,0,0,0,1
0,0,0,0,1.29,1,0,1.29,0,0,0,0,2.59,0,0,0
0.145,0,0,0.944,0,2.451,0,0.89,0,0,1.79,0,0,0,0,1
0,0,0,0,0,2.857,1.98,0,0,0,0,0,0,0,0,0
0,0,0,0,0,7.046,0.88,0,0,0,0.44,0,0,0,0,0
0.011,0,3.53,0,0,2.44,0,0,0.08,0,0,0.08,0,0,0.16,0
0,0,0,0,0,3,9.09,0,0,0,0,0,0,0,0,0
0,0,0,0.715,0,1.181,0,0,0,0,1.38,0,0,0,0,1
0,0,2.25,0,0,2.032,0,0,0,0,0,0,0,0,0,0
0,0,0,0.968,0,2.179,0,0,1.02,0,1.02,0,0,1.02,0,1
0.03,0,0,0.242,0,3.816,0,0.36,0,0,3.27,0.09,0,0.36,0,1
0,0,0,1.117,0,1.206,0,0.42,0,0,1.28,0,0,0,0,1
0,0,1.78,0,0,2.292,0,0,0,0,0,0,0,0,0,0
0.068,0,0,1.318,0,5.301,0,0.45,0,0,1.51,0.6,0.45,0,0,1
0,0,0,1.086,7.14,1,0,0,0,0,0,0,0,0,0,0
0,0,0,0,0,2.101,0,1.16,0,0,1.16,0,0,0,0,1
0,0,2.06,0,1.37,1.531,0,0,0,0,0,0,0,0,0,0
0,0,0,0,1.72,1.2,0,0,0,0,0,0,0,0,0,0
0,0,0,0.546,0,2.3,0,0,0,0,0,0,0,0,0,1
0,0,5.68,0,0,1.114,0,0,0,0,0,0,0.37,0,0,0
0,0,0,0,0,1,0,0,0,0,0,0,0,0,0,0
0,0,0,0.875,0,6,0,0.8,0,0,0,0,0,0,0,1
0,1.11,0,0.202,0,4,0,0,0,0,1.11,0,0,0,0,1
0,0,0,0,20,1,0,0,0,0,0,0,0,0,0,0
0.389,0,0,0,0,3.476,0,0,0,0,0,0,0,1.08,0,1
0,0,0,0,0,1,0,0,0,0,0,0,0,0,0,0
0,0,0,0,0,2.35,0,1.66,0,0,4.16,0,0,0,0,1
0,0,0.41,0.283,0,2.022,0,0,0.41,0,1.66,0,0,0,0,0
0,0,0.96,0,0,1.353,0,0,0,0,0,0,0,0,0.48,0
0.118,0.25,0,0.486,0,7.561,0.08,0.85,0.17,0.17,0.42,0.59,0.08,0.85,0.08,1
0,0,0,0,4.44,1.947,0,0,0,0,2.22,0,0,0,0,0
0.223,0,3.34,0.372,0.66,3.425,0,0.66,0,0,0.44,0.44,0.22,0,0,0
0,0,0,0,0,5.888,0,0,2,0,8,0,0,0,0,0
0.067,0,0,0.941,0,2.329,0,0.43,0,0,2.19,0,0.43,0,0,1
0.121,0,0,0.565,0,1.617,0,0.81,0.27,1.35,2.44,0.54,0,0,1.63,1
0,0,0,0,0,1,9.09,0,0,0,0,0,0,0,0,0
0.159,0.33,0,0.372,0,1.894,0,1.33,0.33,1,2,0.33,0.66,0,0.66,1
0,0,0,0,0,2.032,0,1.82,0,0,4.56,0,0,0,0,1
0,0.76,0,0.274,0,11.035,0,0,0,0.76,0,0,0,0,0,1
0,0,0,0,20,1,0,0,0,0,0,0,0,0,0,0
0,0,0,0,0,4.333,0,0,0,0,0,0,0,0,0,1
0.079,0,0,0.099,0,4.881,0,0.34,0,0.05,0.92,0.57,0.05,0,0,1
0,0,0,0,0,4.117,2.12,0,0,0,2.12,0,2.12,0,0,0
0,0,0,0,0,1.533,0,0,0,0,0,0,0,0,0,0
0.524,0,0,1.154,0,3.89,0,0,0,3.26,1.3,0.65,0,0,2.61,1
0,0,0,0,0.7,2.232,0,1.05,0,0,2.81,0,0,0,0,0
0,0,0,0,0,2,0,0,0,0,0,0,0,0,0,0
0,0,2.09,0,0,2.184,1.39,0,0,0,0.69,0,0,0,0,0
0,0,0,0.055,0,15.333,0,0.71,0,0,1.42,0,0,0,3.57,0
0,0,0.3,0.044,0,2.222,0,0.91,0,0,1.82,0,0,0,0,0
0.31,0.19,0,0.749,0,6.652,0,0,0,0.39,1.38,1.38,0.39,0,0,1
0,0,0,0.059,0,5.016,0.37,0,0,0,0,0,0,0,0,0
0,0,0,0.082,0,1.256,0.23,0.23,0,0,0.23,0,0,0,0,0
0,0,0,0,0,3.117,4.83,0,0,0,1.61,0,0,0,0,0
0,0,0,0,20,1,0,0,0,0,0,0,0,0,0,0
0,0,0,1.152,0,4.592,0,0.31,0,0,1.24,0,0.62,0,0,1
0,0,0,0,0,2.383,0,0,0.19,0,0.38,0,0,0,0,1
0,0,0.16,0,0,4.858,0,0.08,0,0,0.08,0,0,0,0.08,0
0,0,0,0.309,0,1.333,0,0,0,0,1.81,0,0,0,0,1
0,0,0,0.411,0,4.307,0,0,0,0,2.17,0,0,0,0,1
0,0,0,0.574,0,5.833,0,0.64,0,0,0.64,0,0,0,0,1
0,0,0,0.467,0,1,0,0,0,0,0,0,0,0,0,0
0,0,2.32,0,0,11.687,0,0,0,0,0,0,0,0,0,0
0.21,0,0,0,0,1.738,0,0.3,0,0,3.02,0,0,0,0.3,1
0.427,0,0,0.014,0,5.473,0.53,0,0,0,0.53,0,0.4,0,0.13,0
0,0,0.3,0,0,1.997,0.2,0,0,0,0,0,0.1,0,0.05,0
0,0,1.25,0,0,2.379,0,0,0,0,0,0,0,0,0,0
0.496,0,0,0.055,0,3.509,0,1.59,0,0,1.91,0.31,0.63,0.31,0.31,1
0,0,0,0.17,0,1.692,0,0,0,0,1,0,0,0,0,0
0,0,0,0.372,0,1.641,0,0.35,0,0,0.35,0,0,0,0,0
0,0,0,0,0,1.22,0.29,0,0,0,0.29,0,0,0,0,0
0.184,0,0,0.036,0,2.336,0,0.72,0.48,0,1.44,0.24,0,0.48,0,1
0,0,0,1.007,0,1.44,0,1.31,0,0,2.63,0,0,0,0,1
0,0,0,0,0,1,0,0,0,0,0,0,0,0,0,0
0,0,0,3.851,0,13.266,0,0,0,0,1.72,0,0,0.86,0,1
0,0,0,0,0,1.076,0,0,0,0,0.95,0,0,0,0,0
0,0,0,0,1.13,1,0,1.13,0,0,3.4,0,0,0,0,0
0,0,0,0,0,2.227,1.58,0,0,0,0,0,0,0,0,0
0,1.56,0,0.769,0,2.125,0,0,0,0,0,0,0,0,0,1
0,0,0.32,0,0.32,2.05,0,0.32,0,0,0.32,0,0,0,0.32,0
0,0,4,0.211,0,1.38,0,0,0,0,1.33,0,0,0,0,0
0,0,0,0.763,0,2.222,0,0,0,0,0,0,0,0,0,0
0.21,5.4,0,0.841,0,24.785,0,0,0,0,0.9,0,0,0,0,1
0,0,1.32,0,0.88,2.588,0,0,0,0,0.88,0,0,0,0,0
0,0,1.8,0,0,1.636,0,1.8,0,0,1.08,0,0.36,0,0.72,0
0,0.91,0,0.455,0,2.842,0,0,0,0,1.83,0,0,0,0,1
0.162,0,0,1.626,0,69.727,0,0.45,0,0,5.4,0,0.9,0,0,1
0,2.53,0,0.537,0,72.5,0,1.26,1.26,1.26,3.79,1.26,0,0,5.06,1
0,0.86,0,0.915,0,3.891,0,0.43,0,0,4.76,0,0,0,0.86,1
0,2.2,0,0.496,0,16.782,0,1.1,0,0,1.1,0,0.55,0,0,1
0,0,0,3.768,0,4.833,0,0,0,0,0,0,0,1.85,0,1
0,0,1.97,0.037,0.49,2.367,0.49,0,0,0,0,0,0,0,0,0
0.01,0,0.95,0,0,1.588,0,1.62,0,0,0.07,0,0,0,0.81,0
0,0,0,0,0,2,0,5.26,0,0,0,0,0,0,0,0
0,0,0,0,0,2.266,0,0,0,0,0,0,0,0,0,0
0.957,0.48,0,0.515,0,6.833,0,0.96,0,0,1.44,0,0,0.48,0.96,1
0.184,0,0,0.036,0,2.336,0,0.72,0.48,0,1.44,0.24,0,0.48,0,1
0.29,0,0,0,0,2.257,0,1.14,0,0,1.47,0,0.82,0.98,0,1
0.72,0,0,0.102,0,4.512,0,0,0,0,0,0,0,0,0,1
0,0,0,0.954,0,9.125,2.89,0,0,0,0,0,0,0,0,0
0,0,0,0,0,1,0,0,0,0,0,0,0,0,0,0
0,0,0,0.044,0,1.666,0,0,0,0,0,0,0,0,0,0
0,0,0,0,0,1.111,2.85,0,0,0,0,0,0,0,0,0
0,0,0.22,0,0,1.768,0,0,0,0,0,0,0,0,0,0
0,0,0,0.376,0,3.338,0,0.29,0,0,0.29,0.29,0,0,0.29,0
0,0,0,0.175,0,1.294,0,0.23,0,0,1.89,0,0,0,0.23,1
0,0,0,0.74,0,1.625,0,0,0,0,0,0,0,0,0,0
0,0,0,0.112,0,2.484,2.01,0,0,0,3.35,0,2.01,0,0,0
0,0,7.46,0,0,1.961,0,0,0,0,0,0,0,0,0,0
0.155,0.09,0,0.326,0,6.813,0,0.39,0.39,4.1,1.66,0.19,0,0.39,0.19,1
0,0,0,0.13,0,2.457,0.91,0,0,0,0.91,0,0,0,0,0
0.107,0,0,0.268,0.18,2.698,0,0,0,0,0.93,0.37,1.31,0,0.37,1
0,0.58,0,0.606,0,3.591,0,0.58,0.29,0.87,1.16,0,0.29,0,0.29,1
0,0,0,1.098,0,3.571,0,0,0,0,1.29,0,0,2.59,0,1
0.017,0,1.14,0,0.06,3.015,0,0,0,0,0.18,0.54,0,0,0,0
0,0,0,0,0,1.4,2.12,0,0,0,0,0,0,0,0,0
0,0,0.27,0,0,2.52,0.27,0.27,0,0,0,0,0,0,0,0
0,0,2.63,0,2.63,2.151,0,0,0,0,0,0,0,0,0,0
0,0,0,0,0,1.681,1.03,0.51,0,0,0,0,0,0,0,0
0.093,0,0,1.023,0,3.621,0,0.27,0.27,2.2,3.03,0.27,0.27,0,1.37,1
0.105,0,0.34,0.898,0,443.333,0,1.02,0,1.02,0.68,0.68,0,0,0,1
0,0,0,2.354,0,2.09,0,1.29,0,0.64,1.29,0,0,0,0,1
0,0,0,0.054,0,2.735,0,0.31,0.31,0,3.43,0.31,0,0,0.62,0
0,0,0,0.08,0,2.111,0,2.5,0,0,0.62,0,0,0,1.25,1
0,0,0,0.514,0,1.409,0.13,0.27,0,0,0.27,0,0,0,0,0
0.041,0,3.17,0.041,0,2.321,0,0,0,0,0,0,0,0,0.21,0
0.062,0,0,0.312,0,1.477,0,0,0,0,0.41,0,0,0,0,1
0,0,1.14,0,0,1.352,0,0.38,0,0,0,0,0,0,0,0
0,0,0,0,0,1.928,0,0,0,0,0,0,0,0,0,0
0,0,0,0.263,1.63,2.12,0,1.63,0,0,3.27,0,3.27,0,0,0
0,0,0.21,0,0,1.79,0,0,0,0,0,0,0,0,0,0
0,0,0,1.473,0,4.071,0,0,0,0,1.11,0,0,0,0,1
0.247,0,0,0.19,0,2.324,0,0,0.29,0,0.89,0.29,0.19,0.39,0,1
0,0,0,0.952,0,4.823,0,0,0,0,0,0,0,0,0,1
0,1.08,0,0.347,0,1.325,0,0,0.54,0,1.08,0,0.54,0,0,1
0.309,1.37,0,0.206,0,4.029,0,0,0,0,0,0,0,0,0,1
0.252,1.08,0,1.18,0,5.323,0,0.54,0,0,1.08,0,0,1.62,0.54,1
0.218,0.87,0,1.021,0,3.35,0,0.87,0,0,1.31,0,0,1.31,0.43,1
0.118,0.25,0,0.408,0,7.55,0.08,0.85,0.17,0.17,0.42,0.59,0.08,0.85,0.08,1
0,0.28,0,0.034,0,5.635,0,1.4,0,0,1.96,0,0.28,0,0,1
0.289,0,0,0.52,0,4.33,0,0,0,0,0.92,0,0,0.76,0,1
0.266,0,0,0.8,0,2,0,0,0,0,3.27,1.63,0,0,0,1
0.161,0.25,0,0.161,0,9.633,0,0,0,0,0.51,0.77,0,0,0,1
0,0,0,0.833,2.5,1.937,0,0,0,0,0,0,0,0,0,0
0,0,0,0,0,4.818,0,2.63,0,0,2.63,0,0,0,0,1
0.079,0,0,0.099,0,4.906,0,0.34,0,0.05,0.92,0.57,0.05,0,0,1
0,0,0,0,0,3,0,0,0,0,0,0,0,0,0,0
0.103,0.41,0,0.866,0,5.052,0,1.25,0,0,2.29,0,0,0.2,0.41,0
0,0,0,1.284,0,3.639,0,0.35,0,0,1.4,0,0.35,0,0,1
0,0,0,0,0.83,1.12,0,0,0,0,0.41,0,0,0,0,0
0,0,0,0,0,1.769,0,1.65,0,0,0.82,0.82,0,0,0,1
0,0,3.7,0,0,1.466,0,0,0,0,0,0,0,0,0,0
0,0,0,0,0,1.637,1.02,0.11,0.11,0,0,0,0,0,0,0
0,1.23,0,1.949,0,1.379,0,0,0,0,0,0,0,0,0,1
0,0,0,0,0,1.5,0,0,0,0,0,0,0,0,0,0
0,0,0,0,0.99,2.824,0,0,0,0,0,0.99,0,0,0,0
0,0,0,0,4.76,1,0,0,0,0,0,0,0,0,0,0
0.389,0,0,0,0,3.6,0,0,0,0,0,0,0,1.08,0,1
0.036,0,0.65,0,0.13,3.185,0,0.13,0,0,0.26,1.18,0,0,0,0
0.063,0,0.48,0.021,0,3.789,0,0,0,0,0.96,0,0,0,0.48,0
0.075,0,1.6,0.028,0,2.068,0.06,0.2,0,0.06,0.73,0,0,0,0,0
0.051,0,1.9,0.044,0,1.664,0,0.12,0,0,0.63,0.08,0,0.08,0.08,0
0,1.2,0,0.331,0,50.166,0,1.2,1.2,1.2,3.61,1.2,0,0,4.81,1
0.149,0,0,0.298,0,11.96,0,0,0,0.2,2.04,1.43,0.4,0,0,1
0,0,10.76,0,0,4.807,0,0,0,0,1.53,0,0,0,0,0
0.207,0.8,0,0.552,0,6.652,0,0.4,0,0,1.61,0,1.2,0,0.4,1
0,0.47,0,0.218,0,1.102,0,1.41,0.47,0,0.94,0,0.47,0,0,1
0.075,0.42,0,0.263,0,53.433,0,1.71,0.21,0,1.49,0,0,0.21,1.92,1
0,0,0.29,0.052,0,2.721,0,0,0,0,0.29,0.29,0,0,0.29,0
0,0,0,0.261,0,1.461,0,0,0,0,1.17,0,0,0,1.17,1
0,0,0.83,0,0,1.969,0,0,0,0,0,0,0,0,0,0
0,0,0,0.386,0,1.6,0,0,0,0,0,0,0,0,0,0
0,0,0,0,0,1,0,0.54,0,0,0.54,0,0,0,0,0
0.165,0,0,0.639,0,3.697,0,0,0.39,0.29,1.32,0.29,0.17,0.34,0.54,1
0.186,0,0,0.186,0,4,0,0,0,0,0,0,0,0,1.26,1
0.186,0,0,0.13,0,4.225,0,0.63,0.34,2.61,1.5,0.75,0.05,0.17,0.05,1
0.082,0,0,0,0,7.17,0,0,0,0,0.85,0,0,0,0,1
0.261,1.08,0,1.218,0,5.323,0,0.54,0,0,1.08,0,0,1.62,0.54,1
0,0.65,0,1.765,0,3.025,0,0.65,0,0,0.65,0,0,0,0,1
0,0,0,0,0,1.913,0,0,0,0,1.35,0,0,0,0,0
0,0,0,0.331,0,1.714,0,0,0,0,0,0,0,0,0,0
0.189,0.37,0,0.882,0,4.08,0,1.13,0,0,1.13,0,0,0.37,0.75,1
0.028,0,2.57,0.047,0,1.948,0,0.06,0,0,0.46,0,0,0,0,0
0.163,0.31,0,0,0,1.515,0,0.63,0,0,3.19,0,0,0,0.31,1
0,0,0,0,0,1,0,0,0,0,2.94,0,0,0,0,0
0,0,0,0,0,2.25,0,0,0,0,0,0,0,0,0,0
0,0,0,0,0,1.857,0,0,0,0,0,0,0,0,0,0
0,0,0,0,1.21,1.333,0,1.21,0,0,1.21,0,0,0,0,0
0,0,0,0,0,2.111,0,0,0,0,0.82,0,0,0,0,0
1.31,0,0,5.836,0,5.792,0,0.29,0,0.09,1.09,0.09,0.49,0,0.09,1
0,0,0,0,0,1.75,0,1.51,0,0,0,0,0,0,0,0
0,0,0,0,0,2.141,0,0.61,0.3,0,0,0,0.3,0,0,1
0,0,0,0.049,0,1.919,0,0,0,0,0,0,0,0,0,0
0,0,3.51,0,0.87,3.552,0,0,0,0,0.58,0,0,0,0,0
0,0,0,1.326,0,2.2,0,0,0,0,4,0,0,0,0,1
0.527,0,0,0.461,0,3.166,0,0,0,0,1.24,0,0.41,0,0,1
0,0,0,0,11.11,1,0,0,0,0,0,0,0,0,0,0
0,0,0,0.066,0,1.555,0,0,0,0,0.37,0,0,0,0,0
0.069,0,0,0.83,0,3.215,0,0.66,0,2.64,5.29,0,0,0,0.66,1
0.142,0,0,0.19,0,2.03,0,0,0,0,1.21,0.6,0,0,0,1
0,0,2.06,0.216,1.37,2.754,0.68,0,0,0,0,0,0.68,0,0,0
0,0,0,0.287,0,1.076,1.58,0,0,0,1.58,0,0,0,0,0
0.529,0.03,0,0.433,0,6.482,0,0.14,0.29,0,1.41,0.55,0.48,0.48,0.37,1
0,0,0,0,0,2.192,0.24,0.24,0,0,0,0,0,0,0,0
0,0,0,1.385,0,3.535,0,0,0,0.86,1.73,0,0,0,0.28,1
0.239,0.58,0,0.239,0,3.338,0,0.58,0,0,1.74,0,0,0,0.58,1
0.11,0,0,0.331,0,3.897,0,1.25,0,0,1.88,0,0,0.62,0.62,1
0.173,0.65,0,0.288,0,3.065,0,0.98,0,0,2.28,0,0,0.65,0.65,1
0,0,0,0.312,0,1.08,0,0,0,0,0,0,0,0,0,0
0,0,0,0,0,2,0,0,0,0,0,0,0,0,0,0
0,0,0,0,0,1.8,0,0,0,0,0,0,14.28,0,0,0
0.501,0,0,0.055,0,3.509,0,1.59,0,0,1.91,0.31,0.63,0.31,0.31,1
0,0,0,0.107,0.58,1.531,0,0,0,0,0.58,0,0,0,0,0
0.032,0,0,0.257,0,3.689,0,0.36,0,0,3.38,0.09,0,0.36,0,1
0,0,0,0,0,1.333,0,0,0,0,0,0,0,0,0,0
0,0,1.22,0.017,0,3.061,0,0.55,0,0,0,0,0,0,0.11,0
0,0,0,0.416,0,1.373,0,1.08,0,0,0.9,0,0,0,0.36,1
0.041,0,0.58,0,0.09,3.298,0,0.29,0,0,0.19,0.87,0.09,0,0,0
0,1.05,0,0,0,4.5,0,2.1,0,0,0,0,0,0,0,1
0,0,0,0,0,1.225,0,0.77,0,0,1.16,0,0.77,0,0,0
0,0,0,0.706,0,8.411,0,0,0,0,0,0,0,0,0,1
0.858,0.05,0,0.328,0,5.928,0,0.05,0.26,0,1.49,0.42,0.31,0.99,0.47,1
0,0,0,0.511,0,2.909,0,3.22,0,0,1.61,0,0,0,0,1
0,0,0,0.546,0,2,0,0,0,0,0,0,0,0,0,0
0,0.46,0,0,0,2.676,0,0,0.46,0,0,0,0,0.46,0,1
0,0,0,0.059,0,1.632,0.16,0,0,0,0,0,0,0,0,0
0,0,0,0,0,1.2,0,0,0,0,0,0,0,0,0,0
0,0,0.23,0.026,0,2.222,0,0.92,0,0,0.23,0.23,0,0,0.23,0
0,0.26,0,0.326,0,5.549,0,0.26,0.26,0,1.05,0.52,0,0,0,1
0,0,0,1.431,0,4.071,0,0,0,0,1.11,0,0,0,0,1
0.231,0,0,0.925,0,5.833,0.16,0.32,0.16,0.49,1.8,0.65,0.49,0,1.3,1
0.027,0,0,0,0,2.073,0,0.34,0,0,0,0,0.17,0,0.17,1
0,0,0,0,20,1,0,0,0,0,0,0,0,0,0,0
0,0,0,0.2,0,1.064,0,2.7,0,0,1.35,0,0,0,0.67,1
0.061,1.09,0,0.427,0,4.42,0,0.36,0,0,1.09,0,0,0.36,1.83,1
0,0,0,8.333,0,2,0,0,0,0,0,0,0,0,0,0
0.118,0.25,0,0.408,0,7.55,0.08,0.85,0.17,0.17,0.42,0.59,0.08,0.85,0.08,1
0,0,5.2,0,0,1.883,0,0,0,0,0.57,0.28,0,0,0,0
0,0,0,0,0,1.333,0,0,0,0,6.52,0,0,0,0,0
0.061,0,0,0.371,0,2.878,0,0.12,0.12,0.12,1.27,0.25,0.89,0,0.12,1
0,0,0,0,0,2.652,1.47,0,0,0,0,0,0,0,0,0
0.078,0,0.27,0,0,1.859,0,0,0,0,0.54,0,0,0,0,0
0,0,0,0,0,1,3.44,0,0,0,0,0,0,0,0,0
0.312,0,0,0.625,0,4.75,0,1.49,0.49,0.49,1.99,0,0.49,0,0,1
0,0,1.25,0,0,1.712,0,0,0,0,0.62,0,0,0,0,0
0,0,4.08,0,0,1.754,0,0.81,0,0,0.4,0,0,0,0,0
0,0,0,0,0,1.611,0,0,0,0,2.32,0,0,0,0,0
0,0,0,0.099,0,1.329,0,0,0,0,1.03,0,0,0,0,0
0,0.43,0,0.129,0,5.8,0,1.29,0,0,0.86,0,0,0,0.43,1
0,0,0,0,0,8.086,0,1.79,0,0,1.43,0,0.35,0,0,1
0.099,0,0,0,0,16.418,0,0,0,0,1.25,0.17,0.35,0,0,1
0,0,0,0,0,1.8,0,0,0,0,0,0,14.28,0,0,0
0,0,0,0.034,0,2.588,0,0.2,0,0,0,0,0,0,0,1
0,0,0,0.302,0,1.562,0.33,0,0,0,0.33,0,0,0,0,0
0,0.14,1.13,0,0.28,5.331,0.14,0,0,0,0,0,0.14,0,0,0
0.183,0.07,0,0,0,3.211,0,0.3,0.3,0,0.77,0.23,0,0,0.15,1
0.634,0,0,0.422,0,4.066,0,0,0,0,0,0,0,0,0,1
0,0,0.3,0,0,1.59,0.15,0.3,0,0,0,0,0,0,0,0
0,0,0,0.118,0,1.307,0,0,0,0,0,0,0,0,0,1
0,0,0,0.615,0,2.403,0,0.56,0,0,1.12,0,0,0,0,1
0.114,0.25,0,0.394,0,7.484,0.08,0.85,0.17,0.17,0.42,0.59,0.08,0.85,0.08,1
0,0,0,0,0,1.6,0,0,0,0,0,0,0,0,0,0
0,0,4.65,0,2.32,3.312,2.32,0,0,0,0,0,0,0,0,0
0,0,0,0.438,0,1.214,0,0,0,0,5.55,0,0,0,0,0
0.369,0.64,0,0.554,0,2.333,0,1.28,0,0,2.56,0,0,0.64,0.64,1
0,0,0,0,20,1,0,0,0,0,0,0,0,0,0,0
0.024,0.15,0,0.567,0,5.425,0,0.3,0.15,0.15,0.76,0,0.3,0,0,1
0.014,0,0.63,0,0.05,3.461,0,0.15,0,0,0.15,0.57,0,0,0,0
0,0,4.98,0.306,0,5.525,0,0,0,0,0.66,0,0.33,0,0,0
0,0,0,0,3.03,1.535,0,0,0,0,1.21,0,0,0,0,0
0,0,0.26,0,0,2.36,0,0,0,0,1.6,0.26,0,0,0,0
0,0,0,0,0,2.222,0,0,0,0,0,0,0,0,0,0
0,0,0,0,0,2.342,0,0,0,0,0,0,0,0,0,0
0,1.04,0,0,0,3.812,0,0,0,0,2.08,0,0,0,0,1
0,0,3.57,0,0,1.733,0,1.19,0,0,0,0,0,0,0,0
0,0,0,0.834,0,5.13,0,0,0,0,0,0,0,0,0,1
0.044,0,2.61,0,0,2.442,0,0.15,0.15,0.23,0,0,0,0.23,0.15,0
0,0,0,0,0,1.166,0,0,0,0,0,0,0,0,0,0
0,0,0,0.124,0,3.707,0,0,0,0,0,0,0,0,0,1
0.267,0,0,0.802,0,2,0,0,0,0,3.27,1.63,0,0,0,1
0,0,0,0.173,0,1.787,0,0,0,0.98,0,0,0,0,0,1
0,0,1.37,0,0,1.263,0,0.91,0,0,0.45,0,0.09,0,0.82,0
0.361,0,0,1.566,0,2.638,0,1.6,0,0,2.4,0,0,0.8,0.8,1
0,0,2.06,0,0,4.06,2.6,0.1,0,0,0,0,0,0,0,0
0,0,1.36,0,0,3.478,0,0,0,0,0,0,0,0,0,0
0,0,1.57,0,0,4.808,2.8,0,0,0,0,0,0,0,0,0
0,0,0,0.29,0,2.614,0,0,1.02,0,0.76,0,0.51,0,0.76,1
0,0,0,0,0,1.428,0,0,0,0,0,0,0,0,0,0
0.258,0.08,0,0.258,0,5.297,0,0.08,0.34,0,0.77,0.08,0.25,0.34,0,1
0,0,4.48,0.052,0.96,2.258,0,0,0,0,0.32,0,0,0,0,0
0.412,0.5,0,0.412,0,2.441,0,0.76,0,0,1.52,0,0,0.76,0,1
0.065,0.2,0.1,0.785,0,4.064,0,0.2,0.31,0.93,2.92,0.1,0.1,0,1.14,1
0,0,0.22,0,0,1.729,0,0,0,0,0,0,0,0,0,0
0,0,0,0.069,0,2.525,3.68,0,0,0,0.4,0.4,0,0,0,0
0,0,0,0,0,1,0,0,0,0,0,0,0,0,0,0
0,0.65,0,1.461,0,2.973,0,0.65,0,0,0.65,0,0,0,0,1
0.186,0,0,0.28,0,2.823,0,0.53,0,0,1.59,0,0,0.53,0.53,1
0,0,0,0,0,1.36,0,0,0,0,1.49,0,0,0,0,0
0,0,3.03,0,0,2.25,0,0.14,0,0,0,0,0.07,0.07,0.63,0
0,2.28,0,0.487,0,16.217,0,1.14,0,0,1.14,0,0.57,0,0,1
0,1,0,0.11,0,3.178,0,0,0,0,2,0,0,0,0,1
0,0,0,0,0,5.153,0,0,0,0,3.03,0,0,0,0,0
0.127,0,0,0.204,0,2.962,0,0,0.14,0.14,0.88,1.17,0.14,0,0,1
0,0,0,0,0,2.444,0,0,0,0,0,0,0,0,0,0
0.496,0,0,0.451,0,2.934,0,0,0,0,0.27,0,0.27,0.27,0,1
0,0,0,0.087,0,1.218,0,0,0,0,0,0,0,0,0,0
0.271,0,0,0.543,0,2.157,0,0,0,0,1.44,0,0,1.44,0,1
0,0,0,0,0,1.8,0,0,0,0,0,0,14.28,0,0,0
0,0,0,0,0,2.913,0,0,0,0,0,0,0,0,0,1
0,0,0,0,0,1.827,0,0,0,0,0.73,0,0,0,0,0
0.259,0.05,0,0.102,0,1.493,0,0.23,0.65,0.29,1.3,0,0,0.23,0.11,1
0.037,0,0,1.045,0,4.022,0,0.23,0.23,0.23,1.19,0.23,0,0,0,1
0.816,0,0,0.081,0,3.4,0,0,0,0,2.31,0,0,1.38,0.46,1
0,0,0.04,0,0,2.655,0,0.04,0.09,0,0.04,0,0.14,0,0,0
0,0,0.97,0,0.97,2.03,0,0,0,0,0.97,0,0,0,0,0
0,0,9.52,0,4.76,3.333,0,0,0,0,0,0,0,0,0,0
0,0,8.69,0,4.34,3.333,0,0,0,0,0,0,0,0,0,0
0,0,0,1.094,0,1.428,0,0,0,0,0,0,0,0,0,1
0,0,0,1.385,0,20,0,0,0,0,0,0,0,0,0,1
0,0,0,0,0,1.5,0,0.92,0,0,0.92,0,0,0,0,0
0,0,1.47,0,0,2.234,0,0.49,0,0,0,0,0,0,0,0
0.132,0,0,1.689,0,4.913,0,0.41,0.2,1.65,3.09,0.2,0,0.2,1.03,1
0,0,0,1.342,0,1.2,0,0,0,0,0,0,0,0,0,0
0,0,0,0,0,1.775,0.34,0,0,0,0,0,0,0,0,0
0.055,0,0,0,0.32,1.798,0,0.64,0,0,1.76,0,0,0,0,0
0,0.56,0,0.768,0,11.685,0,1.13,0,0,0.56,0,0,0.56,0,1
0,0,0,0,0,1.375,0,0,0,0,0,0,0,0,0,0
0,0,0,0.524,0,1.229,0,0.55,0,0,1.1,0,0,0,0,1
0,0,0,0,16.66,1,0,0,0,0,0,0,0,0,0,0
0,0,0,0,2.27,1.052,0,0,0,0,2.27,0,0,0,0,0
0,0,0,0,0,4.13,22.05,0,0,0,0,0,0,0,0,0
0,0,0,0.178,0,4.757,0,0,0,0,0.3,0,0,0,0,0
0.063,0.86,0,0,0,4.297,0,0.43,0,0,0,1.3,0.43,0,0,1
0,0,0,0,0,1,0,0,0,0,0,0,0,0,0,0
0,0,0,0.175,0,1.826,0,0,0,0,0,0,0,0,0,0
0,0,0,0.037,0,2.666,0,0,0,0,0,0.82,0,0,0,1
0,0,0,0,0,1.486,0,1.05,0,0,0,0,0,0,0,0
0,0,0,0,1.2,1.062,0,0,0,0,1.2,0,0,0,0,0
0,0,0,1.192,0,1.463,0,0.8,0,0,2.41,0,0.8,0,0,1
0.013,0,0.47,0,0.05,3.591,0,0.1,0,0,0.1,0.52,0,0,0.1,0
0,0,8.33,0,4.16,3.333,0,0,0,0,0,0,0,0,0,0
0.094,0.11,0,0.322,0,2.576,0,0.58,0.23,0,0.58,0.34,0.11,0.11,0.23,1
0,0,1.12,0,0,3.628,1.49,0,0,0,0,0,0,0,0,0
0.093,0,0,1.029,0,3.621,0,0.27,0.27,2.2,3.03,0.27,0.27,0,1.37,1
0,0,0,0,0,1.769,0,1.63,0,0,0,0,0,0,0,0
0,1.01,0,0.189,0,8.972,0,0.5,0.76,0,1.26,0,0.5,0,0.25,1
0,0.4,0,0.124,0,1.94,0,0.4,0.4,0,2,0,0,0,0,1
0,0,0,0,0,1.238,0,0.95,0,0,0.95,0,0,0,0,1
0,0,0,0,5.88,1.562,0,0,0,0,0,0,0,0,0,0
0,0,0,0,0,1,0,0,0,0,0,0,0,0,0,0
0.333,1.12,0,1.083,0,4.974,0,2.24,0,0,1.68,0,0.56,0,2.8,1
0,0,1.72,0.11,0,1.812,0,0,0,0,2.58,0,0,0,0,0
0,0,0,0,0.29,1.583,0,1.49,0,0,0.89,0,0,0,0,0
0,0,0.23,0,0,1.412,0,0.69,0,0,0,0,0,0,0,0
0,0,0,0.61,1.28,3.809,0,0,0,0,2.56,1.28,0,0,0,1
0,1.65,0,0.199,0,15.892,0,2.06,0,0,0.82,0,0.41,0,0,1
0,0,0,0,0,3.391,0.97,0,0,0,0,0,0,0,0,0
0,0,0,0.552,0,2.666,0,0,0,0,0,0.74,0,0,0,0
0.103,0,0,0.515,0,2.04,0,1.3,0.65,0,3.26,0,0,0,1.3,1
0,0,0,0,2.94,1.333,0,2.94,0,0,0,0,0,0,0,0
0,0,0,0,0,1.122,0,0,0,0,0.58,0,0,0,0,0
0.245,0,0,1.633,0,64.416,0,0.45,0,0,5.04,0,0.91,0,0,1
0,0,0,0.181,0,4.5,0.56,0,0,0,0,0,0,0,0,0
0,0,0,0,0,1.142,0,0,0,0,0,0,0,0,0,0
0,0,0,0,20,1,0,0,0,0,0,0,0,0,0,0
0,0,2.89,0.313,0,1.689,0,0,0,0,0,0,0,0,0,0
0,0,0,0.285,0,2.043,0,0.22,0,0,0,0,0.22,0,0,0
0.014,0,0.79,0,0.05,3.117,0,0,0,0,0.15,0.47,0,0,0.26,0
0,0,3.29,0,0,2.862,0,0,0,0,0,0,0,0,0,0
0,0,0,0.114,0,1.645,1.44,0,0,0,0,0,0,0,0,0
0.347,0.56,0,1.217,0,5.105,0,2.25,0,0,1.69,0,0.56,0,3.38,1
0.114,0,0,0.659,0,9.1,0,0.22,0,0,1.54,1.32,0.88,0,0,1
0,0,0,0,0.28,4.226,0,0,0,0,0,0,0,0,0,0
0,0,0,0.002,0,2.106,0.23,0.13,0.03,0,0.03,0.01,0.01,0.01,0.53,0
0.397,0.4,0,0.976,0,3.186,0,0.61,0.1,0.5,2.03,1.42,0.1,0,0,1
0,0,0.76,0.487,1.52,1.956,0,0.76,0,0,0.76,0,1.52,0,0,0
0,0,0,0,0,1.8,0,0,0,0,0,0,14.28,0,0,0
0.043,0,0.8,0,0,1.487,0,0,0,0,0,0,0,0,0.53,0
0,0,0,0,0,7.666,0,0,0,0,0,0,0,0,0,1
0,0,0,0.899,0,3.066,0,0,0,0,0.71,0,0,0,0,1
0.046,0.31,0,0.89,0,12.382,0,0,0.31,0,2.51,0.31,0.31,0,0,1
0,0,2.02,0,3.03,1.875,0,0,0,0,1.01,0,0,0,0,0
0.285,0,0,0.122,0,3.714,0.24,0,0.24,0.24,2.16,0,0,0.48,0.24,0
0,0,0,0,20,1,0,0,0,0,0,0,0,0,0,0
0,0,0,0.192,0,1.526,0,0,0.58,0,0,0.58,0.58,0,0.58,1
0,0,0.6,0,0,1.389,0,0.6,0,0,0,0,0.3,0,0,0
0,1.43,0,0.694,0,7.709,0,0,0,0,0.47,0,0,0.47,0,1
0,0,0,0.149,0,1.04,0,0,0,0,1.7,0,0,0,0,0
1.334,0,0,5.942,0,5.838,0,0.3,0,0,1.1,0.1,0.5,0,0.1,1
0.151,0.23,0,1.289,0,6.529,0,0.7,0.23,1.89,3.3,0.23,0.23,0,1.41,1
0.163,0.05,0,0.02,0,1.796,0,1.45,0.05,0.23,1.04,0.05,0,0.75,0.69,1
0.305,0,0,0.75,0,3.401,0,0.27,0.41,0,0.97,0.27,0.2,0.06,0.69,1
0,0,0,0,25,1,0,0,0,0,0,0,0,0,0,0
0.151,0,0,0,0,5.086,0,0,0.43,0,0.43,0.43,0.43,0,0,1
0,0,2.01,0.084,1,2.303,0,0,0,0,0.5,0,0,0,0,0
0.012,0,1.34,0,0,4.179,0,0,0,0.16,0.42,0.16,0.08,0,0.5,0
0.223,0.46,0,0.298,0,2.156,0,0.46,0.46,0,1.38,0,0.46,0.46,0,1
0,0,0.99,0,0,2.016,0,0.33,0,0,0.33,0,0,0,0,0
0.022,0,0,0.022,0,3.482,0,0,0,0,0,0,0,0,0,0
0,0,0,0,0,1.769,1.08,0,0,0,0,0,1.62,0,0,0
0,0,1.31,0,0,2.085,0,0,0,0,1.31,0,0.43,0,0,0
0,0,0,0,0,2,0,0,0,0,0,0,0,0,0,0
0,0,0,0.062,0,1.414,0.72,0.36,0,0,0,0,0,0,0,0
0,0.9,0,0.546,0,2.818,0,0,0,0,2.72,0,0,0,0.9,1
0,0,0,0,0.32,3.787,0,0,0,0,0,0,0,0,0,0
0,0,2.94,0,0,1.695,0,0,0,0,0,0,0,0,0,0
0,0,0,0,7.69,1.285,0,0,0,0,0,0,0,0,0,0
0,0,0,0,0,2.646,0,0,0,0,0,0,0,0,0,0
0,1.56,0,0.7,0,2.125,0,0,0,0,0,0,0,0,0,1
0.107,0,0,0.321,0,3.846,0,1.24,0,0,1.86,0,0,0.62,0.62,1
0.264,0.1,0,0.611,0,3.794,0,0.31,0.1,0.1,1.66,0.2,0.1,0.1,0.1,1
0,0,2.06,0,0,2.217,0,0,0,0,0,0,0,0,0,1
0,0,0,0,0,4.7,0,0,0,0,0,0,0,0,0,0
0.165,0,0,0.639,0,3.697,0,0,0.39,0.29,1.32,0.29,0.17,0.34,0.54,1
0,0,0.68,0,0,2.147,0,0,0,0,0,0,0,0,0,0
0,2.2,0,0.496,0,16.826,0,1.1,0,0,1.1,0,0.55,0,0,1
0.015,0,0,0.03,0,4.192,0,0.36,0,0,3.38,0.09,0,0.36,0.09,1
0,0,0,0,0,2.647,0,0,0,0,2.12,0,0,0,0,0
0,0,0,0,0,1.605,1.69,0,0,0,0,0,0,0,0.84,0
0,0.9,0,1.492,0,5.3,0,0.9,0,0,0,0,0.9,0,0,1
0.109,0,0,1.096,0,1.916,0,0,0,0,0.63,0,0,0,0,1
0.072,0,2.03,0.072,0,3.242,0,0.45,0.45,0,1.35,0,0,0,0,0
0.174,0.34,0,0.638,0,2.17,0,0.34,0.34,0,1.73,0,0.34,0,0,1
0,0.95,0,0.147,0,1.4,0,1.9,0,3.8,2.85,0,0,0,0,1
0,0,0,0,0,2.5,0,0,0,0,0,0,0,0,0,0
0,0,0,0,0,1.6,0,0,0,0,0,0,0,0,0,0
0,0,0,0,0,1,0,0,0,0,0,0,0,0,0,0
0.218,0,0,0.109,0,1.897,3.42,0,0,0,0,0,0,0,0,0
0,0,4.21,0,0,2.096,0,0,0,0,0,0,0,0,0,0
0,0,1.98,0.102,0,2.531,0,0,0,0,0,0,0,0,0,0
0,0,0,0,0,1.428,0,0.18,0,0,0,0,0,0,0,0
0,1.18,0,0.08,0,1.844,0,1.89,0.23,0,1.65,0,0.47,0,1.41,1
0,0,0,0,0,1.333,0,0,0,0,0,0,0,0,0,0
0,0,0,0.413,0,3.052,0.84,0,0,0,0,0,0,0,0.84,0
0.127,0.45,0,0.063,0,4.735,0,0,0,0,0.45,0.45,0,0.45,0.45,1
0.41,0.9,0,0.82,0,2.446,0,1.35,0,0,1.8,0,0.45,0.45,0,1
0,0,0,0.082,0,2.674,1.16,0.58,0,0,0,0,0,0,0,0
0,0,1.03,0,0,1.666,0,0,0,0,0,0,0,0,0,0
0.37,0,0,0.444,0,2.448,0,0.44,0,0,2.2,0,0,2.2,0,1
0,0,0,0.37,0,2.277,0,1.03,0,0,1.03,0,0,0,0,0
0,0,0,0.138,0,5.809,0,1.35,0,0,1.35,0,0,0,0.45,1
0,0,0.52,0,0,2.876,0,0.65,0,0,0,0,0,0,0.13,0
0.829,0,0,2.766,0,5.607,0,0,0,0,1.53,0,0,0,0,1
0,0,0,0,0,1.505,0.3,0.3,0,0,0,0,0,0,0,0
0,0,0,0,2.35,2.925,0,0,0,0,0,1.17,1.17,0,0,0
0.166,0,0,0.64,0,3.697,0,0,0.39,0.29,1.32,0.29,0.17,0.34,0.54,1
0,0,0,0.91,0,2.171,0,0,0,0,0,0,0,0,0,0
0,0,0,0,0,1,0,0,0,0,0,0,0,0,0,0
0,0,1.78,0,0,1.72,0,0,0,0,0,0,0,0,1.78,0
0.057,0,3.5,0,0,2.409,0,0,0,0,0,0.31,0,0.21,0.21,0
0,0.23,0,0,0,3.184,0,0,0,0,0,0,0,0.23,0,0
0.23,0,0,0.23,0,5.538,0,0,0,0,3.84,0,0,0,0,1
0,0,0.9,0,0,1.424,0,0,0,0,0,0,0,0,0,0
0,7.27,0,0.291,0,2.444,0,0,0,0,0,0,0,0,0,1
0.101,0.32,0.32,0.858,0,337.25,0,0.98,0,0.98,0.65,0.65,0,0,0,1
0.071,0,4.22,0,0,2.848,0,0,0.13,0,0,0.39,0,0,0,0
0,0,0,0.203,0,1.956,0,3.84,0,0,1.28,0,0,0,0,1
0.158,0.5,0,0.49,0,8.55,0.1,0.8,0.3,0.2,0.7,0.8,0.2,0.6,0,1
0,0,0,0,0,1.8,0,0,0,0,0,0,14.28,0,0,0
0,0,0,0,0,1.227,0,0,0,0,0,0,0,0,0,0
0.3,0,0,0.6,0,4.02,0,0,0,0,2.53,0,0.42,0.84,0,1
0,0,0,0,0,6.666,0,0,0,0,0,0,0,0,0,0
0,0,0,0,20,2,0,0,0,0,0,0,0,0,0,0
0,0,3.16,0,0,1.56,0,0,0,0,0,0,0,0,0,0
0,0,0,0,0,1.583,0,0.34,0,0,0,0.34,0,0,0,0
0,0,3.21,0,0,2.419,0,0.22,0,0,0,0,0,0.11,0.22,0
0,0,0,0,0,1.166,0,0,0,0,0,0,0,0,0,0
0,0,0,0,0,2,0.46,0,0,0,0,0,0,0,0,0
0,0,0,0,0,2.769,0,0,0,0,1.51,0,0,0,0,1
0,1.61,0,0.804,0,2.466,0,0,0,0,0,0,0,0,0,1
0,0,0,0.777,0,3.39,0,0.31,0,0,1.25,0,0.62,0,0,1
0,0,0,0,0,1.333,0,0,0,0,0,0,0,0,0,0
0.499,0.76,0,0.458,0,2.455,0,0.76,0,0,1.79,0,0,0.76,0.25,1
0,0,0,0.233,0,9.5,0,0,0,0,0.64,0,0,0,0,1
0,0,0,0,0,3.888,0,0,0,0,0,0,0,0,0,0
0.336,0,0,0.084,0,3.2,0,0.48,0,0,2.88,0,0.48,1.44,0.48,1
0,0,0,0.709,0,7.82,0,0,0,0,0,0,0,0,0,1
0,1.23,0,1.947,0,1.379,0,0,0,0,0,0,0,0,0,1
0,0,0,0.093,0,1.275,0.49,0,0,0,0.99,0,0,0,0,0
0,0,1.69,0,0,3.179,0,0,0,0.48,0.72,0,0,0,0.48,0
0.043,0,0,0.175,0,8.271,0,0,0.26,1.32,0.26,0,0,0,0,1
0,0,0,0.357,0,1.971,0,0.71,0,0,2.85,0,0,0.35,0,1
0.219,0,0,0,0,1.911,0,0,0,0,0,0,0,0,0,0
0,0,0,0,0,1.222,0.26,0,0,0,0.26,0,0,0,0,0
0,0,0,0.281,0.51,1.363,0,0.51,0,0,0,0,0,0,0,0
0,1.25,0,0.223,0,2.35,0,0,0.62,0,1.25,0,1.25,0,0,1
0,0,0,0,0,1.287,0.25,0.25,0,0,0.25,0,0,0,0,0
0,0,0,0,0,1,0,0,0,0,0,0,0,0,0,0
0,0,0,5,0,1,0,0,0,0,0,0,0,0,0,1
0,0,2.4,0,1.2,2.166,0,0,0,0,0,0,0,0,0,0
0.211,0.44,0,0.225,0,6.725,0,0.53,0.26,0.17,1.15,0.79,0.26,0.79,0.08,1
0,0,0,0,0,1.307,0,3.44,0,0,0,0,0,0,0,0
0.291,0,0,1.021,0,7.092,0,0.72,0.48,0,1.21,1.69,0,0,0,1
0,0,0,0,0,3.367,0.97,0.48,0,0,0,0,0,0,0,0
0,0,1.19,0,0,3.086,0,0,0,0,1.19,0,0,0,0,0
0.015,0,0.78,0,0.05,2.725,0,0.05,0,0,0.15,0.52,0,0,0,0
0,0,0,0,0,1.963,0.34,0,0,0.34,0,0,0,0,0,0
0,0,0,0,0,1.5,0,0,0,0,0,0,0,0,0,0
0,1.63,0,0,0,3.294,0,0.81,0,0,2.45,0,1.63,0,0,1
0,0,0,0,0,5.555,0,0.24,0,0,0.49,0.24,0,0,0,1
0,0,0,0,25,1,0,0,0,0,0,0,0,0,0,0
0,0,0,0,0,1.666,2.32,0,0,0,0,0,0,0,0,0
0,0,0,0,0,1.612,0,0,0,0,0,0,1.08,0,0,0
0.016,0,0.62,0,0.05,2.887,0,0.16,0,0,0.16,0.62,0,0,0,0
0,0,0,0.234,0,2.076,1.36,0,0,0,0,0,0,0,0,0
0,0,0,0.54,0,2.285,0.38,0,0,0,0,0,0,0,0,0
0,0,0,0,0,1.909,0,0,0,0,2.27,0,0,0,0,0
0.211,0,0,0,0,1.347,0,0,0,0,0,0,0,0,0,0
0.171,1.05,0,0.171,0,2.05,0,1.05,0,0,1.05,0,0,2.1,0,1
0.052,0,1.69,0,0,2.165,0,0.26,0,0,0,0.13,0,0.13,0.13,0
0.014,0,0,0.611,0,3.707,0,0.82,0.09,0,2.83,0.27,0.27,0.09,0.27,1
0,0,0.86,0,0.86,1.74,0,0,0,0,0.86,0,0,0,0,0
0,0,0,0,0,1,0,0,0,0,0,0,0,0,0,0
0,0,0,0.197,0,3.807,0,0.58,0,0,0.58,0,0,0,0,1
0,0,0,0,14.28,1,0,0,0,0,0,0,0,0,0,0
0,0,0.85,0,0,1.228,0,0,0,0,0.85,0,0,0,0,0
0,0,0,0.14,0,1.891,0,0.73,0,0.14,0.29,0,0,0,0,0
0,0,20,0,0,3.333,0,0,0,0,0,0,0,0,0,0
0,0,0,0,0,1,0,1.56,0,0,1.56,0,0,0,0,0
0.173,0.31,0,0.13,0,3.244,0,0,0,0,0.31,0,0,0.31,0,1
0.304,0.6,0,0.101,0,3.217,0,1.21,0,0,1.21,0,0,0,0,1
0,1.47,0,1.562,0,5,0,1.47,0,0,0,0,0,0,0,1
0.062,0,0,0.312,0,1.477,0,0,0,0,0.41,0,0,0,0,1
0.303,0.19,0,0.212,0,11.242,0,0.19,0.19,0,2.09,0.95,0.76,3.62,0,1
0,0,0.46,0,0,2.677,0,0.3,0.15,0,0,0.15,0,0,0,0
0,0,1.01,0,0,3.108,0,0,0,0,1.01,0,0,0,0,0
0,0,0,0,0,1.631,0,0.9,0,0,0.9,0,0,0,0,0
0,0,0,0.329,0,2.962,0,2.08,0.83,0,0.41,0,0,0,0,0
0,0,1.29,0,0,1.625,0,0,0,0,0,0,0,0,0,0
0.381,0,0,0.305,0,1.884,0,0,0.48,0,2.88,0.48,0,0.96,0.48,0
0.197,0,0,0,0,3.681,0,0,0,0,3.44,1.14,1.14,0,0,1
0,0,0.35,0,0,2.097,0,0.17,0,0,0,0,0.17,0,1.95,0
0.269,0,0,0.539,0,5.787,0,0,0.52,1.04,1.04,0,0,1.57,0,1
0,0,0,0.349,1.85,1.47,0,0,0,0,0,0,0,0,0,0
0,0,0,1.627,0,2.591,0,0,0,0,1.21,0,0,0,0,1
0,0,0,0,20,1,0,0,0,0,0,0,0,0,0,0
0,0,0,1.257,0,3.895,0,0.35,0,0,1.07,0,0.71,0,0,1
0.018,0,3.47,0,0,2.423,0,0.4,0,0,0,0,0.06,0,0.06,0
0,0,0,0.546,0,1.75,0,0,0,0,0,0,0,0,0,0
0.004,0,0.48,0,0.04,2.63,0,0.27,0,0,0.04,0.14,0.08,0,0,0
0,0,1.78,0,0,1.5,0,0,0,0,0,0,0,0,0,0
0,0,0,0,0,1,0,0,0,0,0,0,0,0,0,0
0,0,0,0,0.59,1.826,0,0.59,0,0,0.59,0,0,0,0,0
0.434,0.51,0,0.514,0,2.441,0,0.77,0,0,1.54,0,0,0.77,0,1
0.215,0,0,1.003,0,6.602,0,0.88,0.14,0.14,2.35,1.47,0.29,0.73,0,1
0.056,0.33,0,1.151,0,4.928,0,0.33,0.33,1.68,3.87,0.16,0,0,1.68,1
0,0,0,0,0,1,0,0,0,0,0,0,0,0,0,0
0,0,1.6,0,2.4,2.065,0,0,0,0,2.4,0,0,0,0,0
0,0.37,0.37,0,0,2.125,0,0,0,0,3.38,0,0,0,0.75,0
0,0,1.6,0,0,1.696,0.8,0.8,0,0,0,0,2.4,0,0,0
0.155,0.09,0,0.31,0,6.813,0,0.39,0.39,4.1,1.66,0.19,0,0.39,0.19,1
0,0,0,0,0,1.8,0,0,0,0,0.79,0,0,0,0,0
0,0,0.27,0,0,2.319,0,0,0,0,1.62,0.27,0,0,0,0
0.117,1.31,0,0.117,0,48.5,0,1.31,0,1.31,3.94,1.31,0,0,1.31,1
0,0,0,0,1.36,2.307,0,0,0,0,5.47,0,0,0,0,0
0,0,0,0,0,1,1.23,0,0,0,1.23,0,0,0,0,0
0,0,0,0,0,1.8,0,0,0,0,0,0,0,0,0,0
0,0,0,0,20,1,0,0,0,0,0,0,0,0,0,0
0.289,0.57,0.57,0.072,0,7.512,0,0.57,0,0,1.14,0,0.57,0,0,1
0.011,0,0.39,0,0.04,3.851,0,0.04,0,0,0.08,0.44,0,0,0.04,0
0.059,0,0,0.374,0,9.039,0,0.29,0.09,0,1.35,0.19,0,0,0.19,1
0,0,0,0,0,1,0,0,0,0,0,0,0,0,0,0
0,0,2.15,0,1.43,3.9,0,0,0,0,2.87,0,0,0,0,0
0,0,9.62,0,0.53,2.567,0,0,0,0,0,0,0,0,0,0
0,0,15.38,0,0,6.8,0,0,0,0,0,0,0,0,0,0
0,0,2.63,0,0,1.4,0,0,0,0,0,0,0,0,0,0
0.051,0,0,0.874,0,5.582,0,0,0,0,0.81,0,0,0.27,0.27,1
0,0,0,1.434,0,7.055,0,0,1.53,0,0,0,0,0,0,1
0,0,0,0,0.69,3.651,0,0,0,0,0.69,0,0,0,0,0
0,0,0,0,0,2.187,0,0,0,0,0.97,0,0,0,0,0
0,0,0,0,0,2.288,0,0,0,0.42,0,0,0,0,0.42,0
0,0,0,0,0,2.277,0,0,0,0,0,0,0,0,0,0
0.112,0,0,0.188,0,3.105,0,0.69,0.23,0,0.69,0,0,1.61,0.92,1
0,0,0,0,0,1.25,0,0,0,0,0,0,0,0,0,0
0,0,0,0,0,1.379,0,0,0,0,0.57,0,0,0,0,0
0,0,0,0.212,0,1.7,1.19,0,0,0,0.59,0,0.59,0,0,0
0,0,0,0.073,0,6.186,0,0,0,0,0,0,0,0,0,0
0,0,0,0,0,1.8,0,0,0,0,0,0,14.28,0,0,0
0,0,0,0.125,0,3.871,0,0.81,0,0,1.63,0,0,0,0,1
0,0,2.51,0.05,0,2.414,0,0.37,0.25,0,0.12,0,0.25,0.12,0.12,0
0,0,0,0,0,2.636,0,0,0,0,0,0,0,0,0,0
0,0,0,0,0,2.094,0,0,0,0,0,0,0,0,0,0
0.101,0.16,0,0.076,0,2.03,0,0.49,0,0.49,1.48,0,0.66,0,0,1
0,0.52,0,0.291,0,3.333,0,0,0,0,0,0,0,1.05,0,1
0,0,0,0.375,0,1.444,2.32,0,0,0,0,0,0,0,0,0
0,0,0,0,2.67,1.85,0.89,0,0,0,0.89,0,0,0,0,0
0.091,0,0,0,0,1.39,0,1.89,0,0,2.7,0,0,0,0,1
0,0,0,0,0,1.428,0,0,0,0,0,0,0,0,0,0
0,0,3.51,0,0.87,3.552,0,0,0,0,0.58,0,0,0,0,0
0,0,1.53,0.167,0,1.894,0,0.17,0,0,0.85,0,0,0,0.34,0
0.928,0.36,0,0.433,0,3,0,0,0.36,1.1,2.95,0,0,1.47,0,1
0,0,0,0,0,2.595,0,0,0,0,0,0,0,0,0,0
0.198,0,0,0.198,0,3.857,0,0,0,0,0,0,0,0,0,1
0,0,0,0,2.24,2.875,0,0,0,0,0,1.12,1.12,0,0,0
0,0.13,0,0.021,0,1.728,0,0.27,0,0,0,0.13,0,0.27,0.27,1
0.103,0.57,0,0.309,0,4.923,0.07,0.35,0.07,0,1.14,1.14,0.64,0.35,0.07,1
0,0,0,0,0,2,0,0,0,0,0,0,0,0,0,0
0,0,0,0,0,1.536,0.09,0,0,0,0.09,0,0,0,0,0
0,0,0.79,0,0.59,2.156,0,0,0,0,0.39,0,0,0,0,0
0,0,0,0,0,3.153,0,0,0,0,1.4,0,0,0,0,0
0.408,0,0,0.408,0,4.1,0,0,0,0,0,0,0,1.12,0,1
0.056,0,0.11,0.056,0,2.153,0,0.56,0.11,0,2.8,1.01,0.56,0,0.22,1
0,0,0,0,0,1,0,0,0,0,0,0,9.52,0,0,0
0.005,0,0.53,0,0.01,2.589,0,0.33,0,0,0.05,0.23,0,0,0,0
0,0,0,0.505,0,2.375,0,0,0,0,0,0,0,0,0,0
0,0,4.34,0,0,4,0,0,0,0,0,0,0,0,0,0
0,0,4.13,0.24,1.65,4.666,0,0.82,0,0,0,0,0,0,0,0
0,0,0,0,0,2.928,0,0,0,0,1.47,0,0,0,0,0
0.124,0.11,0,0.035,0,1.98,0,0.22,0,0,0,0.11,0,0.55,0.22,1
0,0,0,0,0,1.938,0,0,0,0,0,0,0,0,0,1
0,0,0,0.124,0.74,2.333,0,0,0,0,0,0,0,0,0,0
0,0,0,0.62,0,1,0,0.63,0,0,0,0,0,0,0,0
0,0,0,0,0,2.447,1.38,0.69,0,0,0,0,0,0,0,0
0.171,2.98,0,0,0,13,0,0,0,0,2.98,0,1.49,0,2.98,1
0.132,0,0,0.864,0,5.87,0,0.39,0.78,0,1.17,0,0.39,0,0,1
0.186,0,0,0.262,0,11.793,0,0.37,0.21,0,1.39,0.1,0.05,0,0,1
0,0,0,0,0,1.666,0,0,0,0,0,0,0,0,0,0
0.087,0,0.67,0,0,4.23,0,0,0,0,1.35,0,0,0,0,0
0.683,0,0,2.636,0,3.168,0,0.84,0,0,0,0,0,0,0,1
0,0.26,0,0.31,0,5.549,0,0.26,0.26,0,1.05,0.52,0,0,0,1
0,0.56,0,0.153,0,9.25,0,0,0.28,0,1.12,0,0.56,0,0.28,1
0,0,0,0,0,2,0,0,0,0,7.4,0,0,0,0,0
0.015,0,0,0.094,0,2.531,0,0,0.08,0,1.2,0.08,0.17,0,0,1
0,0,0,0,0,1.687,0,0,0,0,0,0,0,0,0,0
0,0,0,0,0,1.88,0,0,0,0,0,0,0,0,0,0
0,0,2.06,0,1.03,2.333,0.34,0.34,0,0,1.03,0,0,0,0,0
0.295,1.43,0,0.073,0,3.361,0,0.47,0.47,0.47,1.43,0,0,0,0,1
0,0,0,0.042,0.25,1.204,0,1,0.25,0,1.75,0,0.25,0.25,0,0
0.037,0,0.87,0,0,1.531,0,0.29,0.29,0,1.45,0,0.29,0,0.58,0
0,0,0,0,25,2.333,0,0,0,0,0,0,0,0,0,0
0,0,6.25,0,3.12,3.454,0,0,0,0,0,0,0,0,0,0
0,0,0,0,14.28,1,0,0,0,0,0,0,0,0,0,0
0.15,0,0,1.131,0,2.428,0,0.89,0,0,1.78,0,0,0,0,1
0,0,1.38,0,0.61,1.837,0,0,0,0,0.61,0,0,0,0,0
0.719,0,0,0,0,1.25,0,0,0,0,0,0,0,0,0,0
0.045,0,0.19,0.022,0,1.74,0,0.19,0.19,0.19,0,0,0,0,0,0
0,0,3.84,0,0,3.631,0,0,0,0,0,0,0,0,0,0
0,0,3.64,0,0,1.915,0,0.13,0,0,0,0,0,0,0.52,0
0,0,0.13,0.025,0,5.695,0,0.27,0,0,0.97,0,0.13,0,0,0
0.114,0.82,0,0.513,0,2.953,0,0.41,0,0,1.23,0,0,0.41,0.41,1
0,0,1.16,0,0,3.379,0,1.16,0,0,0,0,0,0,0,0
0,0,0,0.093,0,2.755,0,0.64,0.64,5.19,1.29,0,0,0,1.29,1
0,0,0,0,0,1,0,0,0,0,0,0,0,0,0,0
0,0,0,0.114,0,5.196,0,0,0,0,0.41,0,0,0,0,0
0,0.23,0,0.149,0,1.533,0.23,0.47,0.23,0,0.23,0,0.23,0,0,0
0,0.18,0,0.426,0,1.283,0,1.11,0,0,0.92,0,0,0,0.37,1
0,1.25,0,0.225,0,2.35,0,0,0.62,0,1.25,0,1.25,0,0,1
0,0,1.04,0.422,0,1.16,0,0,0,0,0,0,0,0,0,0
0,0,0,0,0,1.736,0,0,0,0,0,0,1.85,0,0,0
0,0,0,0,2.32,1,0,0,0,0,0,0,0,0,0,0
0.055,0,5.86,0.055,1.37,2.87,0,0,0,0,0.34,0,0,0,0,0
0,0.88,0,0,0,1.629,0,0,0,0,0,0,0,0,0,0
0,0,0,0.24,0,5.397,0,0,0,0,0.22,0,0,0,0,0
0.117,0,1.72,0,0.24,1.89,0,0,0,0,0.49,0,0,0,0,0
0,0,0,0.198,0,5.019,0,0,0,0,0,0,0,0.4,0,1
0,0,0,0,20,1,0,0,0,0,0,0,0,0,0,0
0,0,1.4,0,0,1.426,0,0.84,0,0,0,0,0,0,0,0
0,0,0,0,0.16,3.989,0,0,0,0,0,0,0,0,0,0
1.357,0,0,0.327,0,5.769,0,0,0,0,0.47,0.23,0.47,0,0,1
0,0,0,0,0,2.646,0,0,0,0,0,0,0,0,0,0
0,0,0,0,0,1.266,0,0,0,0,0,0,0,0,0,1
0,0,2.46,0.278,0,1.736,0,0,0,0,1.23,0,0,0,0,0
0,0,2,0,2,1.979,0,0,0,0,1.33,0.66,0,0,0,0
0,0,5.4,0.396,0,2.533,0,0,0,0,0,0,0,0,0,0
0,0,0.86,0.043,0,1.3,0.28,0,0,0,0,0,0,0,0,0
0,0,0,0.125,0,7.054,0,0,0,0,0,0,0,1.36,0,1
0,0,0,0,0.54,4.037,0,0,0,0,0,0,0,0,0,0
0.175,0,0,0.351,0,3.343,0,0,0,0,2.1,0,0,0,1.05,1
0,0,0,0,2.22,1.583,0,0,0,2.22,0,0,0,0,0,0
0.022,0,0,0,0,2.227,0,0.29,0,0,0,0,0,0.14,0,1
0,0.46,0,0.37,0,6.137,0,0.46,0,0,1.86,0,0,0,0,1
0,0,0,0,25,2.333,0,0,0,0,0,0,0,0,0,0
0,0,0,0,0,6.09,1.82,0.6,0,0,0.6,0,0.6,0,0,0
0.08,0,0,0.728,0,6.612,0,1.29,0,0,3.89,0,0.64,0,0,1
0,0,0,0.633,0,1.386,0,0,0,0,0.55,0,0,0,0,0
0,0,0,0,0,1.222,0.9,0,0,0,0,0,0,0,0,0
0,0,1.96,0,0,1.6,0,0,0,0,0,0,0,0,0,0
0,0,1.31,0,2.63,1.75,0,0,0,0,1.31,0,0,0,0,0
0,0,9.09,0,0,1.833,0,0,0,0,0,0,0,0,0,0
0.067,0.08,0,0.308,0,4.215,0.08,0.43,0,0.43,1.55,0.69,0.17,0.17,0.08,1
0,0,7.14,0,3.57,3.6,0,0,0,0,0,0,0,0,0,0
0.613,0.63,0,0,0,1.251,0,0,0,0,1.91,0,0,0,0,1
0.173,0,0,1.739,0,56.538,0,0.48,0,0,5.36,0,0.97,0,0,1
0.271,0.21,0,0.465,0,9.052,0,0.85,0,0.21,1.71,0,0,1.28,0.21,1
0,0,1.62,0,1.08,3.039,0,0,0,0,0,0,0,0,0,0
0,0,0,0.004,0,2.393,0.22,0,0.03,0,0.25,0,0.14,0,0.03,0
0,0,0,0,0,2,0,0.21,0,0,0.42,0,0,0,0,0
0,0,0.8,0,0,1.428,0,0,0,0,0,0,0,0,0,0
0,2.04,0,0.309,0,2.111,0,0.68,0,0.68,2.04,0,0,0,0,1
0.034,0,0.61,0,0.12,3.237,0,0,0,0,0.24,1.11,0,0,0,0
0.117,0.25,0,0.403,0,7.484,0.08,0.85,0.17,0.17,0.42,0.59,0.08,0.85,0.08,1
0,0,0,0,0,2.023,1.12,0,0,0,0,0,0,0,0,0
0,0,0,0.889,0,2.13,0,0,0.78,0,0.78,0,0,0.78,0.78,1
0,0,0,0,0.9,1.772,0,0.9,0,0,0.9,0,0,0,0,0
0,0,0,0,20,1,0,0,0,0,0,0,0,0,0,0
0,0,0,0,0,2.103,0,0,0,0,0,0,0,0.59,0,1
0.206,0,0,0.412,0,2.3,0,0.6,0,0,0.6,0,0,0.6,0,1
0.022,0,0,0,0,1.423,0,0.25,0,0,0.02,0.15,0.02,0.37,0.22,1
0,0,0,0,0.8,1.2,0,0,0,0,0.8,0,0,0,0,0
0,0,0,0,0,1.25,0,0,0,0,1.16,0,1.16,0,0,0
0,0,0,0,0,1.023,0,0,0.25,0,4.51,0,0.75,0,0,1
0,0,1.34,0,1.34,1.742,0,0.33,0,0,0.33,0,0,0,0,0
0,0,0,0.729,0,2.285,0,0,0,0,0,0,0,0,0,0
0,0,0,0,3.44,1,0,0,0,0,6.89,0,0,0,0,0
0.205,0,0,0.102,0,3.548,0,1.44,0.72,0,1.8,0.24,0,0.72,0.24,1
0.106,0,0,1.174,0,3.584,0,0.32,0.32,2.57,3.53,0.32,0,0,1.6,1
0,0,0,0,20,1,0,0,0,0,0,0,0,0,0,0
0,0,0,0,0,1.529,0,3.07,0,0,1.53,0,0,0,0,0
0,0,0,0,0,1.166,0,0,0,0,0,0,0,0,0,0
0,0,0.67,0,0,3.27,0,0,0,0,2.02,0,0,0,0,0
0.31,0.19,0,0.749,0,6.652,0,0,0,0.39,1.38,1.38,0.39,0,0,1
0,1.63,0,1.212,0,15.916,0,0,1.63,0,0,0,1.63,0,0,1
0,0,0,0,0,1,4.16,0,0,0,0,0,0,0,0,0
0.105,0,0.34,0.899,0,667,0,1.02,0,1.02,0.68,0.68,0,0,0,1
0,0,7.69,0,0,2,0,0,0,0,0,0,0,0,0,0
0,0,0,0,0,1,0,0,0,0,0,0,0,0,0,0
0,0,5.26,0,2.63,3.076,0,2.63,0,0,2.63,0,0,0,0,0
0.056,0.11,0,0.131,0,4.47,0,0.46,0,0.46,1.74,1.04,0.34,0,0.11,1
0,0.61,0,0.353,0,2.25,0,0,0,0,1.23,0,0,0,1.23,1
0.036,0.23,0,0.841,0,1.862,0,1.15,0,0,1.84,0,0.46,0,0.69,1
0,0,0,0.093,0,2.755,0,0.64,0.64,5.19,1.29,0,0,0,1.29,1
0,0,0,0.371,0,3.096,0,0,0,0,2.19,0,0,0,1.09,1
0,0,0,0,20,1,0,0,0,0,0,0,0,0,0,0
0.158,0.32,0,0,0,1.494,0,0.65,0,0,3.25,0,0,0,0.32,1
0.025,0,0,0.615,0,1.377,0,1.23,0,0,1.08,0,0,0,1.54,1
0.019,0,0.79,0,0.06,2.716,0,0.19,0,0,0.19,0.73,0,0,0,0
0,0,0,0.102,0,4.771,0,0,0,0,0,0,0,0,0,0
0,0,0,0,0,2.076,0,1.02,0,0,0,0,0.51,0,0.51,0
0,0,1,0.075,0,1.483,0,0,0,0,0,0,0,0,0,0
0.16,0.45,0,0.64,0,3.607,0,0.45,0.45,0,1.36,0.9,0,0,0,1
0,0,4.34,1.798,0,2.615,0,0,0,0,0,0,0,0,0,0
0,0,0,0,0,1,0,0,0,0,0.21,0,0,0,0,0
0.242,0.68,0,1.089,0,3.488,0,0.68,0,0,0.68,0,0,1.36,0,1
0,0,4.47,0.102,0,2.121,0,0,0,0,0,0,0,0,0,0
0.071,0.38,0,0.244,0,1.732,0,0.19,0,0.06,0.7,0.06,0.12,0.19,0,1
0,0,0,0.942,0,5.114,0,0.87,0,0,0.87,0,0,0,1.74,1
0,0,3.1,0.099,3.1,2.325,0,0,0,0,0,0,0,0,0,0
0,0,0,0,3.03,1.272,0,0,0,0,0,0,0,0,0,0
0,0,14.28,0,0,2.777,0,0,0,0,0,0,0,0,0,0
0,0,1.3,0,0,1.411,0,0,0,0,0.65,0,0,0,0,0
0.167,0.05,0,0.01,0,1.818,0,1.52,0.05,0.23,1.11,0.05,0,0.82,0.64,1
0,0,0,0.376,0,1.702,0.58,0,0,0,1.16,0.58,0,0,0,0
0,0,0,0,0,4.333,0,0,0,0,0,0,0,0,0,1
0,0,0,0,20,1,0,0,0,0,0,0,0,0,0,0
1.05,0,0,0.678,0,5.648,0,0.07,0.17,0,1.23,0.49,0.28,0.56,0.49,1
0,0,0,0.441,0,1.372,0,1.12,0,0,0.93,0,0,0,0.37,1
0,0,0,0.886,0,1.966,0,0,0,0,0,0,0,0,1.17,1
0,0,8,0,0,1.647,0,1.33,0,0,1.33,0,0,0,0,0
0,0,0,0,0,1.901,0.16,0.83,0,0,0.67,0,0.16,0,0,0
0,0,0,0.27,0,1.5,0,0,0,0,0,0,0,0,0,0
0,0,0,0.935,0,3.417,0,0.88,0,0,0,0,0,0,0,1
0.341,0,0,0.17,0,3.809,0,0,0,0,0,0,0,0,0,1
0,0,0,0,20,1,0,0,0,0,0,0,0,0,0,0
0,0,0,0,0,2.829,2.45,0,0,0,0,0,0,0,0,0
0,0,0,0.448,0,2,0,0,0,0,0,0,0,0,0,0
0,0,2.48,0.02,0,4.113,3.07,0.14,0,0,0,0,0,0,0,0
0,0,1.63,0,0,1.48,0,0,0,0,0,0,0,0,0,0
0,1.04,0,0.263,0,1.428,0,3.12,0,0,1.04,0,2.08,0,0,1
0.016,0,1.58,0.033,0,2.056,0,0.6,0,0,0.48,0,0,0,0.73,0
0,0,2.13,0.026,0.17,2.941,0,0.88,0,0,1.06,0,0,0,0,0
0,0,0,0,0,2.769,3.84,0,0,0,0,0,0,0,0,0
0.144,0,0,1.083,0,2.428,0,0.89,0,0,1.78,0,0,0,0,1
0.166,0,1.08,0,0,2.804,0,0.54,0,0,0,0.4,0,0,1.01,0
0.057,0.38,0,0.057,0,7.121,0,0.38,0,0,1.16,0.38,0,0,0.77,1
0,0,0,0.511,0,4.617,0,0,0,0,0,0,0,0,0,1
0,0,0,0.457,0,1.192,0.86,0.86,0,0,0.86,0,0,0,0,0
0.229,0,0,0.104,0,3.705,0,1.59,0.73,0,1.72,0.24,0,0.49,0.12,1
0.109,0.18,0,0.522,0,5.759,0.04,0.04,0.18,0.04,1.87,0.28,0.18,0.46,0.37,1
0.165,0,0,0.638,0,3.697,0,0,0.39,0.29,1.32,0.29,0.17,0.34,0.54,1
0,0,0,0,0,1,3.57,0,0,0,0,0,0,0,0,0
0,0,0,0.047,0,1.081,0.26,0.52,0,0,0.26,0,0,0,0,0
0.036,0.26,0,0.813,0,2.145,0,0.52,0.26,2.08,0.26,0,0,0,1.56,1
5.3,0.41,0,0.904,0,7.478,0,0,0,0,0.41,0,0,0.41,0.41,1
0,0,0.08,0,0.08,1.833,0,0,0,0,0,0,0,0,0.08,0
0,0,0,0,0,2.921,0.52,0,0,0,0,0.26,0,0,0,0
0,0,3.88,0,0,1.89,0,0,0,0,0,0,0,0,0,0
0.37,0,0,0.444,0,2.413,0,0.44,0,0,2.2,0,0,2.2,0,1
0.071,0.07,0,0.119,0,3.429,0,0.52,0.22,0.22,1.87,0.67,0.22,0,0.07,1
0,0,0,0,0,1.6,0,7.14,0,0,0,0,0,0,0,0
0,0.16,3,0.02,0.33,2.604,0,0.83,0,0,0.16,0.16,0,0,0.16,0
0,1.23,0,1.939,0,1.379,0,0,0,0,0,0,0,0,0,1
0,0,0,0,0,1.644,0,0,0,0,0.33,0,0,0,0,0
0,0,0,0.931,0,12.055,0,0.71,0,0,3.57,0,0,0,2.85,1
0.044,0,2.04,0.014,0,2.112,0,0.09,0.04,0,0.64,0.04,0,0,0.19,0
0,0,1.81,0,0,1.5,0,0,0,0,0,0,0,0,0,0
0,0.38,0,0.123,0,2.062,0,0.38,0.38,0,1.93,0,0,0,0,1
0.121,0,0,0.202,0,1.945,0,0,0,0,2.76,0,0,0,0,0
0,0,0,1.149,0,9.1,0,0,0,0,2.17,0,0,0,0,1
0,0,0,0,8.88,1.3,0,0,0,0,0,0,0,0,0,0
0,0,0,0,0,1,0,2.17,0,0,0,0,0,0,0,0
0,0,0,0.936,0,4.586,0,1.29,0,0,0,0,0,0,0,1
0,0,0,0.444,0,1.626,0,0,0,0,0.58,0,0,0,0,0
0.058,0,0,0.019,0,3.389,0,0.27,0.1,0,1.2,0,0,0.21,0.1,1
0,0.61,0,0.829,0,4.45,0,1.22,0,0,0.61,0.61,0,0.61,0,1
0.026,0,0.58,0,0.09,3.704,0,0,0,0,0.19,0.87,0,0,0,0
0,0,0,0.471,0,2.088,0,0.26,0.26,0,0,0,0,0,0,1
0,0,2.53,0.094,1.52,1.26,0,0,0,0,0,0,0,0,0,0
0,0,2.15,0,0,1.535,0,0.46,0,0,0,0,0,0,0.46,0
0.083,0.17,0,0.665,0,6.294,0,0.34,0.17,0.17,0.86,0,0.34,0,0,1
0.157,0.5,0,0.488,0,8.55,0.1,0.8,0.3,0.2,0.7,0.8,0.2,0.6,0,1
0.061,1.04,0,0.615,0,3.318,0,0,0,0,2.09,0,0,0,1.04,1
0.158,0.5,0,0.49,0,8.55,0.1,0.8,0.3,0.2,0.7,0.8,0.2,0.6,0,1
0.131,0,0,0.149,0,3.629,0,2.15,0.35,0,1.75,0.1,0.1,0.05,0.3,1
0,0,0,0,0,1,0,0,0,0,0,0,0,0,0,0
0.093,0,0,2.001,0,3.706,0,0.27,0.27,1.95,3.07,0.27,0.27,0,1.39,1
0,0,4.44,0,0,2.018,0,0,0,0,0,0,0,0,0,0
0,0,0,0,0,1.062,0,0.68,0,0,2.04,0,0,0,0,0
0.063,0,0,0.158,0.2,2,0,0,0,0,1.02,0.4,0.81,0,0.61,1
0,0,0,0,33.33,1,0,0,0,0,0,0,0,0,0,0
0,0,0,0,0,1.682,0,0,0,0,2.03,0,0,0,0.67,1
0,0,0,0.475,0,1.576,3.03,0,0,0,0,0,0,0,0,0
0.033,0,0.6,0,0.12,4.134,0,0.12,0,0,0.24,1.08,0,0,0,0
0,0,0,0.867,0,2.22,0,0.52,0,0,0,0,0.52,0,0,1
0,0,0,1.554,0,2.111,0,0,0,0,0,0,0,0,0,1
0,0,0.64,0,0,1.536,0,1.28,0,0,0.64,0,0,0,0,0
0,0,0,0,0,1.166,0,0,0,0,0,0,0,0,0,0
0,0,0,0,0,1,0,0,0,0,0,0,0,0,0,0
0,0,0,0,0,1.357,0,2.22,0,0,0,0,0,0,0,0
0.135,0.58,0,0.067,0,3.015,0,1.75,0.39,0,0.39,0,0,0.78,0.58,1
0.124,0.72,0,0.124,0,1.781,0,2.91,0,0,0,0,0,0,0,1
0,0,0,0,0,1.714,0,0,0,0,0,0,0,0,0,0
0,0,0,0.133,0.78,1.565,0,0,0,0,0.78,0,0,0,0,0
0,0,0,0.149,0,2.178,0.16,0,0,0,0.32,0,0.16,0,0,0
0.062,0,0,0.374,0,2.892,0,0.63,0.42,0,0,0,0,0.21,0,0
0,0,0.99,0,0.66,2.238,0,0,0,0,0.66,0,0,0,0,0
0.162,0.05,0,0.01,0,1.794,0,1.45,0.05,0.23,1.04,0.05,0,0.75,0.69,1
0,0,0,0.347,0,6.137,0,0,0,0,0,0,3.36,0,0,0
0.158,0.5,0,0.49,0,8.55,0.1,0.8,0.3,0.2,0.7,0.8,0.2,0.6,0,1
0,0,0.26,0,0,2.545,0,0.26,0,0,2.6,0,0,0,0,0
0.261,0.08,0,0.358,0,3.554,0.08,0.26,0.26,0.17,1.3,0.52,0.26,0.08,0.34,1
0,0,0,0,0,2,0,0,0,0,0,0,0,0,0,0
0.048,0,1.46,0.029,0,1.793,0,0.13,0.06,0.13,0.83,0.13,0.06,0,0.06,0
0.016,0,3.63,0,0,2.309,0,0,0,0,0,0,0,0.12,0.6,0
0.338,0.11,0,0.492,0,6.033,0,0.17,0.11,0,2.05,0.05,0.29,0.47,0.11,1
0,0,0,0,0,1.136,0.14,0,0,0,0.14,0,0,0,0,0
0.241,0,0,0.439,0,3.702,0,0.19,0.25,0.69,1.26,0.76,0.19,0.44,0.44,1
0,0,0,0,0,1.222,0,0,0,0,0,0,0,0,0,0
0,0,2.12,0,0,1.666,0,0,0,0,0,0,0,0,0,0
0,0,0,0.33,0,1.769,0,0,0,0,0,0,0,0,0,0
0,0,0,0,0,2,0,0,0,0,0,0,0,0,0,0
0,0,0,0.254,0,2,0,0,0,0.69,0.69,0,0,0,0,0
0.896,0.44,0,0.482,0,6.77,0,1.34,0,0,1.34,0,0,0.44,0.89,1
0,0,4.54,0,0,2.186,1.36,0.45,0,0,0,0,1.36,0,0,0
0,0,0.35,0,0,1.27,0.35,0.35,0,0,0.71,0,0,0,0,0
1.219,0,0,0,0,3.875,0,0,0,0,3.84,0,0,0,0,1
0.197,0.06,0,0.474,0,3.286,0,0.13,0.27,0,0.81,0,0.34,0.13,0,1
0.182,0.61,0,0.728,0,4.339,0,1.54,0,0.92,0.92,0.3,0,1.23,0.3,1
0.159,0,0,0,0,1.515,0,0,0,0,0,0,0,0,0,0
0,0,0,0,0,1.416,0,0,0,0,2.5,0,0,0,0,0
0,0,0,0.087,0,1.54,0,0.75,0,0,0.45,0,0.15,0,0,1
0.698,0,0,2.295,0,2.016,0,0,0,0,0.52,0,0,1.05,0.52,1
0,0,0,0,0,1,2.12,0,0,0,2.12,0,0,0,0,0
0,0,0,0.462,0,3.125,0,0,0,0,0,0,0,0,0,1
0.058,0.17,0,0.117,0,3.521,0,0,0.35,0,0.7,0,0.17,0.35,0.17,1
0,0,1.41,0,0.7,1.506,0,0,0,0,1.06,0,0,0,0,0
0,0,0,0.925,5,1.3,0,0,0,0,0,0,0,0,0,0
0,0,0,0.937,0,11.888,0,0.71,0,0,3.59,0,0,0,2.87,1
0.259,1.06,0,1.208,0,5.558,0,0.53,0,0,1.06,0,0,1.59,0.53,1
0,0,0,0.784,0,5.687,0,1.11,0,0,3.33,0,0,0,0,1
0.024,0,0.77,0,0.08,2.634,0,0,0,0,0.25,0.77,0,0,0,0
0.136,0.03,0,0.379,0,3.341,0,0.23,0.1,0.13,1.36,0.37,0.17,0.27,0.34,1
0.048,0.68,0.34,0.048,0,1.411,0,0.68,0.34,0,2.73,0,0.34,0,0,1
0,1.14,0,0,0,1.227,0,0,0,0,2.29,0,0,0,0,1
0,0,0,0.44,0,1.382,0,0,0.66,0,0.66,0.66,0,0,0,0
0,0,1.05,0,0,1.78,0,1.05,0,0,0,0,0,0,0,0
0,0,1.58,0,1.58,3.461,0,0,0,0,0,0,6.34,0,0,0
0,0.53,0,0.361,0,2.437,0,0.53,0,0,3.19,0,0,0,0.53,1
0.059,0,3.02,0,0,2.529,0,0,0.2,0,0,0,0,0.1,0.1,0
0,0,0,0,0,1.235,0,0,0,0,3.5,0,0,0,0,0
0,0,0,0,0,2.058,0,0,0,0,5.26,5.26,0,0,2.63,0
0,0,0,0,0,1.8,0,0,0,0,0,0,14.28,0,0,0
0.188,0,0,0.754,0,5.551,0,0,0,6.25,1.56,0,0,0,0,1
0,0,0,0.662,0,10.068,0,0,0,0,0,0,0,0.64,0,1
0,0,0,0,0.7,18,0,0,0,0,1.4,0,0,0,0.7,0
0,0,0.17,0.019,0,2.059,0,0.17,0,0,0.7,0.17,0.35,0,0.17,0
0.129,0,0,0.843,0,5.87,0,0.39,0.78,0,1.18,0,0.39,0,0,1
0,0,0,0,0,2.6,0,0,0,0,0.69,0,0,0,0.46,1
0,0,0,0,0,1,0,0,0,0,0,0,0,0,0,0
0.163,0,0.49,0,0.24,9.876,0,0.24,0,0,0,0,0.24,0,0,0
0.175,0,0,0.878,0,5.985,0,0.37,0.37,0,1.48,0,0.37,0,0,1
0,0,1.06,0,0,2.108,0,1.41,0,0,0,0,0,0,0.35,0
0,0.75,0,0.242,0,9.584,0,0,0,0,1.5,0,0.75,0,0.37,1
0.064,0,0,0.364,0,13.884,0,0,0,0,2.32,0.13,0.13,0.13,0,1
0.182,0,0,0.384,0,8.851,0,1.05,0.1,0.31,0.31,0,0.1,0.52,0.84,1
0,1.25,0,0,0,1,0,0,0,0,0,0,0,0,0,1
0,0,0,0,0,1,0,0,0,0,0,0,0,0,0,0
0.107,0,0,0.242,0.18,2.623,0,0,0,0,0.94,0.37,1.32,0,0.37,1
1.313,0,0,5.848,0,5.96,0,0.39,0,0.09,1.08,0.09,0.49,0,0.09,1
0,0,0,0,0,21.428,0,0,0,0,1.81,0,0,0,0,1
0,0.86,0,0.759,0,2.75,0,0,0,0,1.73,0,0,0,0,1
0.799,0.47,0,0.621,0,36.642,0,0.47,0,0,0,0,0,4.76,0.47,1
0,0.38,0,0.117,0,2.061,0,0.76,0.38,0,1.92,0,0,0,0,1
0,0,0,1.647,0,1,0,0,0,0,0,0,0,0,0,1
0,0,0,0.216,0,1,0,0,0,0,0,0,0,0,0,0
0,0,0,0.591,0,3.28,0,0.38,0.38,0,1.42,0,0.09,0,0,1
0,0,0,0,0,1.25,0,0,0,0,0,0,0,0,0,0
0,0,0,0.232,0,1.296,0,0,0,0,0,0,0,0,0,0
0.377,0,0,0.022,0.16,3.918,0,0.16,0,0.32,2.08,0.16,0.32,0,0.32,0
0,0,0.64,0,0,1.967,0,0.32,0,0,0,0.32,0,0,0,0
0,0,0,0,0,1,0,0,0,0,0,0,0,0,0,0
0,0.53,0,0,0,2.131,0,0,0,0,1.6,0,0.53,0,0,1
0.128,0,0.75,0,1.5,3.657,0,2.25,0,0,0,0,0,0,0,0
6.003,0,0,0,0,3.75,0,0,0,0,1.12,0,0,1.12,0,1
0,0,0,0.214,0,3.956,0.86,0,0,0,0.86,0,0,0,0,0
0,0,0,1.529,0,5.5,0,0,0,0,0,0,0,0,0,1
0,0,0,0,25,1,0,0,0,0,0,0,0,0,0,0
0.218,0,0,2.295,0,5.166,0,0,0,0,1.86,0,0.62,0,0,1
0,0,0,1.501,0,2.777,0,0.45,0,0,1.36,0,0.45,0,0,1
0.082,0,0,0.165,0,2.325,0,0,0,0,1.18,0,0,0,0,1
0,0,0,0,20,1,0,0,0,0,0,0,0,0,0,0
0.157,0.32,0,0,0,1.494,0,0.64,0,0,3.24,0,0,0,0.32,1
0.271,0,0,0.542,0,2.157,0,0,0,0,1.44,0,0,1.44,0,1
0,0,0,0.267,0,4.18,0,0,0,0.47,1.9,0,0.95,0,0,1
0,0,0,0,0,2.178,0,0,0,0,0,0,0,0,0,0
0,0,0.95,0,0,2.142,0,0,0,0,0,0,0,0,0,0
0,0,0,0,0,2.916,0,1.85,0,0,0,0,0,0,0,0
0,0,4.62,0,0,2.239,0,0,0,0,0,0,0,0,0.71,0
0,0,1.7,0,0.85,2.44,0,0,0,0,0.42,0,0,0,0,0
0.08,0,0,0.484,0,8.375,0,0.55,0,0,2.22,0,0.55,0.55,0,1
0.118,0,0.05,0.054,0,2.379,0,0.1,0,0.3,0.75,0.1,0.3,0.15,0,1
0,0,0,0.175,0,3.125,2.85,0,0,0,0,0,0,0,0,0
0,0,0,0,7.69,2.6,0,0,0,0,0,0,0,0,0,0
0,0,0,0,0,1.5,3.33,0,0,0,0,0,0,0,0,0
0.523,0,0,0.454,0,6.59,0,0.14,0.29,0,1.35,0.54,0.43,0.51,0.43,1
0.322,0.3,0,0.092,0,2.074,0,0.92,0,0,0.61,0,0,0.61,0,1
0.033,0,0.69,0,0,1.705,0,1.53,0.07,0,0.38,0,0,0,0.07,0
0,0,0,0.492,0,2.184,0,0.32,0,0,0.96,0.32,0,0,0.96,1
0,0,0,0.109,0.38,1.043,0,0.77,0.38,0,6.17,0,1.93,0,0.38,0
0,0,0,0,0.83,4.484,0,0,0,0,0,0,0,0,0,0
0.182,0,0,0.136,0,8.207,0,0,0.27,0,0.27,0,0,0,0,1
0.053,0,0,0.07,0,1.744,0.21,0.21,0,0,0.63,0.1,0.1,0,0,0
0,0,0,0.222,0,2.826,0,0,0,0,0,0,0,0,0,0
0.133,0,0,0.334,0,15.493,0,0.29,0.29,0.09,1.69,0.59,0.09,1.39,0.79,1
0,0.3,0.75,0,0.3,1.703,0,0,0,0,0.3,0,0,0,0,0
0,0,0,5.054,0,1.403,0.28,0,0,0,0,0,0,0,0,0
0.014,0,0.65,0,0.05,2.88,0,0.15,0,0,0.15,0.55,0,0,0,0
0.221,0,0,0.069,0,3.426,0,0.14,0.11,0,1.49,0.97,0.44,0.33,0.07,1
0,0,0,0.464,0,1.392,0,1.11,0,0,0.92,0,0,0,0.37,1
0,0,0,0.111,0,1.73,0,0,0,0,0,0,0,0,0,0
0,0,0,0.511,0,4.617,0,0,0,0,0,0,0,0,0,1
0,0,3.84,0.581,0,1.615,0,0,0,0,0,0,0,0,0,0
0,0,2.88,0.138,0.96,1.986,0,0,0,0,0,0,0,0,0,0
0,0,0,0,0.72,3.475,0,0,0,0,0,0,0,0,0,0
0,0,0,0,0,1.222,0,0,0,0,1.69,0,0,0,0,0
0,0,0,0,0,1.6,0,0,0,0,0,0,0,0,0,0
0.141,0,0,0.189,0,1.932,0,0,0,0,1.2,0.6,0,0,0,1
0,0,0,0,0,1.8,0,0,0,0,0,0,14.28,0,0,0
0,0,0,0,0,13.166,0,3.7,0,0,0,0,0,0,0,1
0,0.67,0,0,0.67,1.87,0,0,0,0,0.67,0,0,0,0,0
0,0,4.9,0,0.32,5.555,0,0,0,0,0.65,0,0,0,0,0
0.254,0,0,0.677,0,5.2,0,1.47,0,0,2.45,0,0,0.49,0.98,1
0,0,0,0,0,10,0,0,0,0,1.01,0,0,0,0,0
0.519,0,0,1.143,0,3.737,0,0,0,3.42,1.36,0.68,0,0,2.73,1
0,0,1.87,0,1.25,2.238,0,0,0,0,1.25,0.62,1.25,0,0,0
0.054,0,0,0.164,0,1.671,0,1.92,0.96,0,0.64,0,0,0,0,1
0,0,0,0.234,0,4.176,0,0,0,0,3.7,0,0,0,1.23,1
0.21,0,0,0.421,0,3.454,0,0,0,0,3.61,0,0,0,0,1
0.15,0,0,0.268,0,6.761,0,0.05,0.24,0,0.81,0.35,0.13,1.14,0.43,1
0,0,1.33,0.05,0.88,3.772,0,0.44,0,0,2.22,0,0,0,0,0
0,0,3.96,0.239,1.98,2.688,0.99,0,0,0,0,0,0,0,0,0
0,0,7.14,0.24,0,1.687,0,0,0,0,0,0,0,0,0,0
0,0,0,0.071,0,6.822,0.42,0,0,0,0.21,0,0.42,0,0,0
0,0,4.34,0,0,1.75,0,0,0,0,0,0,0,0,0,0
0,0,2.22,0,0,3.578,0,0,0,0,0,0,0,0,0,0
0,0,0,0,0,1.392,0,0,0,0,1.67,0,0.55,0,0,0
0,0,0,0,0,4.4,0,0,0,0,0,0,0,0,0,0
0.085,0,0,0.171,0,2.17,0,3.48,0,0,3.48,0.58,0,0,0,1
0,0,0,0.444,0,2.333,0,0,0,0,0,0,0,0,0,0
0,0,0,0.787,0,1.875,0,0,0,0,0,0,0,0,0,0
0.033,0,0.44,0.033,1.12,2.28,0.44,0.44,0,0,0,0,0.22,0,0,0
0.013,0.08,0,0.095,0,4.07,0,0.42,0,0,3.17,0.08,0,0.34,0.17,1
0,0,0,0,16.66,1,0,0,0,0,0,0,0,0,0,0
0,0,0.59,0.107,0,2.741,0,0.59,0,0,0,0,0,0,0,0
0,0,0,0,0,3.066,3.26,0,0,0,0,0,0,0,0,0
0,0,1.72,0,0,2.466,0,0,0,0,0,0,0,0,0,0
0,0,0,0.116,0,1.271,0.33,0,0,0,0,0,0,0,0,0
0.224,0,0,0.102,0,3.656,0,1.44,0.72,0,1.8,0.24,0,0.72,0.24,1
0.263,0.08,0,0.263,0,3.076,0,0.08,0.34,0,0.77,0.08,0.25,0.34,0,1
0,0,0,0,0.49,1.962,0,0,0,0,0,0,0,0,0,0
0,0,1.09,0,0.54,1.373,0,0,0,0,0.54,0,0,0,0,0
0.233,0,0,0.155,0,3.625,0,1.66,0.71,0,1.66,0.23,0,0.47,0.11,1
0,0,6.89,0,0,2.16,0,0,0,0,0,0,0,0,0,0
0.063,0,0,0.633,0,9.043,0,0.18,0.36,0.18,0.72,0.54,0,0,0,1
0,0,0,0.08,0,1.885,0.51,0,0,0,1.02,0,0,0,0,0
0.206,0.2,0,0.275,0,4.923,0,0.2,0.1,0,1.51,0.4,0.2,0.9,0,1
0.034,0.25,0,0.375,0,4.2,0,0.25,0.5,0,2.01,0,0,0,1,1
0.233,0.19,0,0.405,0,4.32,0,1.07,0.09,0.68,1.75,0.87,0.19,0.09,0,1
0,0,0,0,0,1.866,0,0,0,0,0,0,0,0,0,0
0,0,0,0,0,4.333,0,0,0,0,0,0,0,0,0,1
0,0,15.38,0,0,3.125,0,0,0,0,0,0,0,0,0,0
0.076,0,0,0.255,0,6.3,0,0.15,0,2.26,2.11,0,0,0.15,0,1
0,0,0,0,0,2.527,0.5,0,0,0,0,0,0,0,0,0
0.514,0,0,1.799,0,1.823,0,0,0,0,2.66,0,0,0,2.66,1
0.347,0,0,1.62,0,2.604,0,1.6,0,0,2.4,0,0,0.8,0.8,1
0.263,0,0,0.702,0,6.487,0,0,0.52,1.05,1.05,0,0,1.58,0,1
0,0,0,0,20,1,0,0,0,0,0,0,0,0,0,0
0,0,0,0,0,1.795,0,0,0,0,0,0,0,0,0,0
0,0,0,0,3.44,1,0,0,0,0,0,0,0,0,0,0
0,0,2.61,0,0,2.61,0.2,0.2,0,0,0,0,0,0,0,0
0.272,0,0,0,0,3.192,0,2.03,0,0,1.62,0,0.81,1.62,0,1
0,0,0,0.333,0,1.666,0,0,0,0,0,0,0,0,0,0
0.206,0,0,0.206,0,4.171,0,0,0,0,0.63,0.31,0,0.31,0,1
0.108,0,0,0,0.65,1.924,0,0,0,0,0,0,0,0,0,0
0,0,0,0.076,0,1.833,1.91,0,0,0,0,0,0,0,0,0
0,0,0,0,0,5.888,0,0,2,0,8,0,0,0,0,0
0.059,0,1.44,0.119,0,6.145,0,0,0,0,0,0,0,0.48,0,0
0.256,0,0,0.64,0,3.5,0,0,0,0,2.78,0,0,1.19,0.39,1
0.041,0,0,0.041,0,2.351,0,1.34,0.36,0,0.73,0,0.12,0,0.24,1
0,0,0,0.235,0,1.38,0,0,0,0,1.6,0,0.8,0,0,0
0,0,1.72,0,0,1.964,0,0.57,0,0,0,0,0,0,0,0
0,1.21,0,0,0,1.676,0,0,0,0,0,0,0,0,0,1
0.208,0,0,0.417,0,3.812,0,0,0,0,0,0,0,0,0,1
0.464,0.66,0,0.406,0,6.932,0,0,0,0,0.99,0,0,0.66,0.99,1
0,0.79,0,0.046,0,2.934,0,2.9,1.05,0,0.79,0,1.31,0,0,1
0,0,15.38,0,0,14,0,0,0,0,0,0,0,0,0,0
0,0,1.11,0,0,1.8,0,0,0,0,0,0,0,0,0,0
0.256,0,0,0.736,0,4.123,0,0.16,0.08,0,1.23,0,0.16,0.49,0,1
0,0.12,0,0.34,0,5.634,0,0.24,0.12,0.12,0.6,0,0.24,0,0,1
0,0,0,0.896,0,5.538,0,0,0,0,2.43,0,0,0,0,1
0,0,2.22,0,0,1.75,0,0,0,0,0,0,0,0,0,0
0,0.66,8,0,1.33,2.673,0,0,0,0,0,0,0.66,0,0,0
0,0,5.55,0.218,0,1.687,0,0,0,0,0,0,0,0,0,0
0,0,1.72,0.141,0,1.535,0,0,0,0,0,0,0,0,0.86,0
0,0,0.78,0,0,2.714,0,0,0,0,0,0,0,0,0,0
0,0,0,0.091,0,1.214,0.49,0.49,0,0,0,0,0,0,0,0
0,0,0,0,0,2.142,0,0,0,0,0,0,0,0,0,0
0.412,0.5,0,0.412,0,2.441,0,0.76,0,0,1.52,0,0,0.76,0,1
0,0,12.5,0,0,5.857,0,0,0,0,0,0,0,0,0,0
0.157,0.08,0,0.502,0,7.24,0,0.84,0.08,0.33,0.5,0,0.08,0.42,0.76,1
0,0,4,0,0,2,0,0,0,0,0,0,0,0,0,0
0,0,1.76,0.103,1.76,2,0,0,0,0,0,0,0,0,0,0
0.189,0.19,0,0.586,0,2.349,0,0.09,0.09,0,0.49,0,0,0.39,0,1
0.009,0,4.42,0,0,2.356,0,0.15,0,0,0,0.07,0,0.07,0.15,0
0,0,0,0,0,1,0,0,0,0,0,0,0,0,0,0
0,0,0,3.571,0,1,0,0,0,0,0,0,0,0,0,0
0,0,0,1.529,0,5.5,0,0,0,0,0,0,0,0,0,1
0,0,1.03,0,0,1.586,0,0.51,0,0,0,0,0,0,0.51,0
0.787,0,0,1.181,0,3.875,0,0,0,0,0,0,0,1.19,1.19,1
0.37,0,0,0.444,0,2.413,0,0.44,0,0,2.2,0,0,2.2,0,1
0,0,0,0,0,2.27,0.89,0,0,0,0,0,0,0,0,0
0,0,0,0,0,2.51,0.39,0,0,0,0,0,0,0,0,0
0.085,0.29,0,0,0,5.145,0,0.87,0,0,1.45,0.87,0,0,0,1
0,0,2.45,0.19,1.22,1.857,0,0,0,0,0,0,0,0,0,0
0,0,0,0,0,1.214,0,0,0,0,0,0,0,0,0,0
0,0,0,0,0,1.125,1.81,0,0,0,3.63,0,0,0,0,0
0,0,0,0,0,1.727,0,0,0,0,3.44,0,0,0,0,0
0,0,0,0,0,1.555,0,0,0,0,0,0,0,0,0,0
0,0,0,0,20,1,0,0,0,0,0,0,0,0,0,0
0,0,0,0.293,0,1.69,0,0,0,0,1.18,0,0,0,2.95,1
0,0,0,0.709,0,1.119,0,0,0,0,0.94,0,0,0,0,0
0.16,0.1,0,0.336,0,6.758,0,0.4,0.4,4.26,1.72,0.2,0,0.4,0.2,1
0,0,0,0,0,1,0,0,0,0,0,0,0,0,0,0
0,0,0,0.199,0,5.019,0,0,0,0,0,0,0,0.41,0,1
0,0.33,0,0.537,0,2.517,0,0.33,0,0,0.66,0,0,0,0,1
0.092,0,0,0.472,0,2.086,0,0.61,0.27,0,1.23,0.75,0.06,0.06,0.2,1
0,0,0.49,0.016,0,1.679,5.74,0.19,0,0,0.29,0,0.39,0,0,0
0,0.33,0,0.16,0,6.111,0,0.33,0.67,2.68,3.02,0,0.67,0,0.33,1
0,0,0,0.277,0,3,0,0,0,0,0,0,0,0,0,0
0,0,4.41,0,0,2.565,0,0,0,0,0,0,0,0,0,0
2.33,0.03,0,0.458,0,6.601,0,0.14,0.28,0,1.3,0.54,0.43,0.39,0.39,1
0,0,0,0,1.61,1.083,1.61,0,0,0,0,0,1.61,0,0,0
0,0,0,0,0,1.147,0.32,0.32,0,0,0.32,0,0,0,0,0
0,0,0,0,0,1.541,0,1.78,0,0.89,0.89,0,0,0.44,0,1
0,0,0,0,0,1,0,0,0,0,0,0,0,0,0,0
0,0,0,0,1.12,2,0,0,0,0,2.24,0,0,0,0,0
0,0,0,0,4.76,1,0,0,0,0,0,0,0,0,0,0
0,0,0,0,0,2.025,0,0,0,0,0,0,0,0,0,0
0,0,0,0,0,3.772,1.28,0,0,0,0,0,0,0,0,0
0,0,3.03,0,0,2.321,0,0,0,0,0,0,0,0,0,0
0.235,1.38,0,0.235,0,6.266,0,0,0,0,1.38,0,0,0,0,1
0,0,1.53,0,0,1.714,0,0,0,0,0,0,0,0,0,0
0,0,1.19,0,0,3.379,0,0,0,0,0,0,0,0,0,0
0.505,0,0,0.439,0,6.683,0,0.14,0.28,0,1.34,0.54,0.43,0.5,0.43,1
0,1.21,0,0.555,0,104.666,0,1.21,1.21,1.21,4.87,1.21,0,0,4.87,1
0,0,0,1.434,0,3.281,0,0,0,0.87,1.74,0,0,0,0.29,1
0,0,0,0,0,1.533,0,0,0,0,0,0,0,0,0,0
0,0,0,0,0,1.571,3.22,0,0,0,0,0,0,0,0,0
0,0,1.43,0,0.86,2.24,0.28,0,0,0,0.28,0,0,0,0,0
0,0,2.77,0,1.11,2.113,0,0,0,0,0.55,0,0,0,0,0
0,0,0,0,0,1,0,0,0,0,0,0,0,0,0,0
0,0,0,0.477,0,4.273,0,0.32,0,0,1.3,0,0.65,0,0,1
0.056,0.34,0,0.225,0,2.257,0,0,0,0.34,0.34,0,0,0,0.34,1
0,0,0,0,20,1,0,0,0,0,0,0,0,0,0,0
0.35,0,0,0,0,2.162,0,0,0,2.67,0,0.38,0.38,0.76,0,1
0.23,0.95,0,1.306,0,6.027,0,0.95,0,0,0.95,0,0,1.42,0.47,1
0.175,0,0,0.878,0,5.985,0,0.37,0.37,0,1.48,0,0.37,0,0,1
0.432,0.5,0,0.432,0,2.375,0,0.75,0,0,1.51,0,0,0.75,0,1
0.651,0,0,0,0,1.125,0,0,0,0,3.5,0,0,0,0,0
0,0,0,0,20,1,0,0,0,0,0,0,0,0,0,0
0,0,1.28,0,0,4.122,3.52,0,0,0,0,0,0,0,0,0
0,0,0,0.286,0,2.434,0,0,0,0,0,0,0,0,0,0
0,0,0,0,0,1.133,0,0.6,0,0,0,0.1,0,0,0.1,0
0.061,1.47,0,0.367,0,4,0,0,0.36,0,0.73,0,0.36,0.36,0,1
0,0,0,0,0,2.06,0,0.82,0,0,0,0,0,0,0.82,0
0,0,0.59,0.078,0,3.153,0,0.59,0,0,0.59,0.29,0,0,0.29,0
0.026,0,1.93,0.044,0,1.873,0,0.18,0,0,0.72,0,0.06,0.06,0.12,0
0.154,0,0,0.928,0,2.409,0,0,0,0,0.86,0,0,0.86,3.44,1
0,0,0,0,1.17,1.294,0,0,0,0,0,0,0,0,0,0
0,0,0,0.833,0,1.375,0,0,0,0,0,0,0,0,0,1
0,0,0,0.041,0,1.5,0.22,0,0,0,0.45,0,0,0,0,0
0,0,0,0,0,1.277,0,0,0,0,0,0.36,0,0,0,0
0.062,0,0,0.31,0,1.477,0,0,0,0,0.43,0,0,0,0,1
0,0,0,0,20,1,0,0,0,0,0,0,0,0,0,0
0,0,2.15,0.043,1.07,2.879,0,0,0,0,1.88,0,0,0,0,0
0,0,0,0.188,0,1.302,0.99,0.09,0,0,1.35,0,0,0,0,0
0,2.1,0,0,0,2.695,0,0,0,0,0,0,0,0,0,1
0,0,0,1.366,0,26.5,0,0,0,0,0.94,0,0.94,1.88,0,1
0,0,0,0,0,2.132,0,1.56,0,0,0.62,0,0,0,0.62,1
0,0,0,0,0,5.888,0,0,2,0,8,0,0,0,0,0
0,0,0,0,0,2,0,0,0,0,0,0,0,0,0,0
0.036,0,0.64,0,0.12,3.167,0,0,0,0,0.25,1.28,0,0,0,0
0,0,0,0,0,1.793,0,0.36,0,0,0.36,0,0,0,0.36,0
0,0,0,0,0,2.25,0,0,0,0,0,0,0,0,0,0
0,0,0,0.583,0,4.024,0,0.33,0,0,1.32,0,0.66,0,0,1
0.189,0,0,0.094,0,1.976,3.04,0,0,0,0,0,0,0,0,0
0,0,2.63,0,0,4.166,0,0,0,0,0,0,0,0,0,0
0,0,0,0,0.7,17.857,0,0,0,0,1.41,0,0,0,0.7,0
0,0,0,0,0,1,1.85,1.85,0,0,0,0,0,0,0,0
0.403,0,0,0.359,0,5.774,0,0.25,0,0,2.58,0,0,0.77,1.55,1
0,0,0,0,0,2,0,0,0,0,0,0,0,0,0,0
0.046,0.15,0,0.25,0,2.565,0,0.76,0.1,0.1,1.57,0.55,0.07,0.05,0.02,1
0.02,0.15,0,0.352,0,5.938,0,0.3,0.15,0.15,0.6,0,0.3,0,0,1
0,0,0.87,0,0,3.029,0,0,0,0,0,0,0,0,0,0
0,0,0,1.55,0,4.555,0,0,0,0,0,0,0,0,0,1
0,0,0,1.443,0,1.969,0,0.54,0,0,0.54,0,0,0,0,1
0,0,1.69,0,0,1.948,0,0.28,0,0,0,0,0,0,0,0
0.201,0,0,0,0,4.5,0,0,0,0,5.26,0,0,0,0,1
0,0,9.52,0,4.76,3.333,0,0,0,0,0,0,0,0,0,0
0,0,0,0.591,0,3.28,0,0.38,0.38,0,1.42,0,0.09,0,0,1
0.23,0,0,0.23,0,5.538,0,0,0,0,3.84,0,0,0,0,1
0,0,0,0,0,1.552,0.33,0,0,0,0,0.16,0,0,0.33,0
0,0,0,0,0,1.125,4,0,0,0,0,0,0,0,0,0
0.549,0,0,0.48,0,3.166,0,0,0,0,1.24,0,0.41,0,0,1
0,0,0.44,0.291,0,1.348,0,0.88,0.44,0,1.32,0,0,0,0,1
0,0.39,0,0.124,0,1.94,0,0.39,0.39,0,1.96,0,0,0,0,1
0,0,2.4,0,1.2,2.312,0,0,0,0,0,0,0,0,0,0
0.107,0,0,0.134,0,5.216,0,0.16,0.32,0.48,1.46,1.3,0.16,0.16,0,1
0,0,9.09,0,0,1.25,0,0,0,0,0,0,0,0,0,0
0,0,0,0,0,1.909,0,0,0,0,4,0,0,0,0,0
0.302,0,0,0,0,1.727,0,0.4,0.2,0,0.4,0,0,0.2,0.4,1
0,0,0,0.266,0,1,0,0,0,0,0,0,0,0,0,0
0,0.91,0,0,0,1.941,0,0,0.91,0,0,0,0,0,0,1
0.48,0,0,0.48,0,1.684,0,0,0,0,0,0,0,0,0,1
0,0,1.96,0,1.96,3.129,3.92,0,0,0,0.98,0,1.96,0,0,0
0,0,0,0,0,1.333,0,0,0,0,0.81,0,0,0,0,0
0.062,1.04,0,0.621,0,3.902,0,0,0,0,2.09,0,0,0,1.04,1
0,0,0,0,33.33,1,0,0,0,0,0,0,0,0,0,0
0.048,0.68,0,0.048,0,1.405,0.34,0.68,0.34,0,2.73,0,0.34,0,0,0
